단축코드,한글종목명
900110,이스트아시아홀딩스
900270,헝셩그룹
900260,로스웰
900290,GRT
900300,오가닉티코스메틱
900310,컬러레이
900340,윙입푸드
000250,삼천당제약
000440,중앙에너비스
001000,신라섬유
001540,안국약품
001810,무림SP
001840,이화공영
002230,피에스텍
002290,삼일기업공사
002680,한탑
002800,신신제약
003100,선광
003310,대주산업
003380,하림지주
003800,에이스침대
004590,한국가구
004650,창해에탄올
004780,대륙제관
005160,동국산업
005290,동진쎄미켐
005670,푸드웰
005710,대원산업
005860,한일사료
005990,매일홀딩스
006050,국영지앤엠
006140,피제이전자
006620,동구바이오제약
006730,서부T&D
006910,보성파워텍
006920,모헨즈
007330,푸른저축은행
007370,진양제약
007390,네이처셀
007530,와이엠
007680,대원
007720,대명소노시즌
007770,한일화학
007820,에스엠코어
008290,원풍물산
008370,원풍
008470,부스타
008830,대동기어
009300,삼아제약
009520,포스코엠텍
009620,삼보산업
009730,이렘
009780,엠에스씨
010170,대한광통신
010240,흥국
010280,쌍용정보통신
010470,오리콤
011040,경동제약
011080,형지I&C
011320,유니크
011370,서한
011560,세보엠이씨
012340,뉴인텍
012620,원일특강
012700,리드코프
012790,신일제약
012860,모베이스전자
013030,하이록코리아
013120,동원개발
013310,아진산업
013720,CBI
013810,스페코
013990,아가방컴퍼니
014100,메디앙스
014190,원익큐브
014200,광림
014470,부방
014570,고려제약
014620,성광벤드
014940,오리엔탈정공
014970,삼륭물산
015710,코콤
015750,성우하이텍
016100,리더스코스메틱
016250,SGC E&C
016600,큐캐피탈
016670,디모아
016790,현대사료
016920,카스
017000,신원종합개발
017250,인터엠
017480,삼현철강
017510,세명전기
017650,대림제지
017890,한국알콜
018000,유니슨
018120,진로발효
018290,브이티
018310,삼목에스폼
018620,우진비앤지
018680,서울제약
018700,바른손
019010,베뉴지
019210,와이지-원
019540,일지테크
019550,SBI인베스트먼트
019570,플루토스
019590,엠벤처투자
019660,글로본
019770,서연탑메탈
019990,에너토크
020180,대신정보통신
020400,대동금속
020710,시공테크
021040,대호특수강
021045,대호특수강우
021080,에이티넘인베스트
021320,KCC건설
021650,한국큐빅
021880,메이슨캐피탈
022220,TKG애강
023160,태광
023410,유진기업
023440,제이스코홀딩스
023460,CNH
023600,삼보판지
023760,한국캐피탈
023770,플레이위드
023790,동일철강
023900,풍국주정
023910,대한약품
024060,흥구석유
024120,KB오토시스
024740,한일단조
024800,유성티엔에스
024810,이화전기
024830,세원물산
024840,KBI메탈
024850,HLB이노베이션
024880,케이피에프
024910,경창산업
024940,PN풍년
024950,삼천리자전거
025320,시노펙스
025440,DH오토웨어
025550,한국선재
025770,한국정보통신
025870,신라에스지
025880,케이씨피드
025900,동화기업
025950,동신건설
025980,아난티
026040,제이에스티나
026150,특수건설
026910,광진실업
027040,서울전자통신
027050,코리아나
027360,아주IB투자
027580,상보
027710,팜스토리
027830,대성창투
028080,휴맥스홀딩스
028300,HLB
029480,광무
029960,코엔텍
030350,드래곤플라이
030520,한글과컴퓨터
030530,원익홀딩스
030960,양지사
031310,아이즈비전
031330,에스에이엠티
031510,오스템
031860,에스유홀딩스
031980,피에스케이홀딩스
032080,아즈텍WB
032190,다우데이타
032280,삼일
032300,한국파마
032500,케이엠더블유
032540,TJ미디어
032580,피델릭스
032620,유비케어
032680,소프트센
032685,소프트센우
032750,삼진
032790,엠젠솔루션
032800,판타지오
032820,우리기술
032850,비트컴퓨터
032860,더라미
032940,원익
032960,동일기연
032980,바이온
033050,제이엠아이
033100,제룡전기
033130,디지틀조선
033160,엠케이전자
033170,시그네틱스
033200,모아텍
033230,인성정보
033290,코웰패션
033310,엠투엔
033320,제이씨현시스템
033340,좋은사람들
033500,동성화인텍
033540,파라텍
033560,블루콤
033640,네패스
033790,피노
033830,티비씨
034810,해성산업
03481K,해성산업1우
034940,조아제약
034950,한국기업평가
035080,그래디언트
035200,프럼파스트
035290,골드앤에스
035460,기산텔레콤
035600,KG이니시스
035610,솔본
035620,바른손이앤에이
035760,CJ ENM
035810,이지홀딩스
035890,서희건설
035900,JYP Ent.
036000,예림당
036010,아비코전자
036030,케이티알파
036090,위지트
036120,SCI평가정보
036170,클라우드에어
036180,지더블유바이텍
036190,금화피에스시
036200,유니셈
036220,오상헬스케어
036480,대성미생물
036540,SFA반도체
036560,영풍정밀
036620,감성코퍼레이션
036630,세종텔레콤
036640,HRS
036670,KCI
036690,코맥스
036710,심텍홀딩스
036800,나이스정보통신
036810,에프에스티
036830,솔브레인홀딩스
036890,진성티이씨
036930,주성엔지니어링
037030,파워넷
037070,파세코
037230,한국팩키지
037330,인지디스플레
037350,성도이엔지
037370,EG
037400,우리엔터프라이즈
037440,희림
037460,삼지전자
037760,쎄니트
037950,엘컴텍
038010,제일테크노스
038060,루멘스
038070,서린바이오
038110,에코플라스틱
038290,마크로젠
038340,MIT
038390,레드캡투어
038460,바이오스마트
038500,삼표시멘트
038530,케이바이오
038540,상상인
038620,위즈코프
038680,에스넷
038870,에코바이오
038880,아이에이
038950,파인디지털
039010,현대에이치티
039020,이건홀딩스
039030,이오테크닉스
039200,오스코텍
039240,경남스틸
039290,인포뱅크
039310,세중
039340,한국경제TV
039420,케이엘넷
039440,에스티아이
039560,다산네트웍스
039610,화성밸브
039740,한국정보공학
039830,오로라
039840,디오
039860,나노엔텍
039980,폴라리스AI
040160,누리플렉스
040300,YTN
040350,크레오에스지
040420,정상제이엘에스
040610,SG&G
040910,아이씨디
041020,폴라리스오피스
041190,우리기술투자
041440,현대에버다임
041460,한국전자인증
041510,에스엠
041520,이엘씨
041590,플래스크
041830,인바디
041910,폴라리스AI파마
041920,메디아나
041930,동아화성
041960,코미팜
042000,카페24
042040,케이피엠테크
042110,에스씨디
042370,비츠로테크
042420,네오위즈홀딩스
042500,링네트
042510,라온시큐어
042520,한스바이오메드
042600,새로닉스
042940,상지건설
043090,더테크놀로지
043100,알파녹스
043150,바텍
043200,파루
043220,티에스넥스젠
043260,성호전자
043340,에쎈테크
043360,디지아이
043370,피에이치에이
043590,웰킵스하이텍
043610,지니뮤직
043650,국순당
043710,서울리거
043910,자연과환경
044060,조광ILI
044180,KD
044340,위닉스
044480,빌리언스
044490,태웅
044780,에이치케이
044960,이글벳
044990,에이치엔에스하이텍
045060,오공
045100,한양이엔지
045300,성우테크론
045340,토탈소프트
045390,대아티아이
045510,정원엔시스
045520,크린앤사이언스
045660,에이텍
045970,코아시아
046070,코다코
046120,오르비텍
046210,HLB파나진
046310,백금T&A
046390,삼화네트웍스
046440,KG모빌리언스
046890,서울반도체
046940,우원개발
046970,우리로
047080,한빛소프트
047310,파워로직스
047560,이스트소프트
047770,코데즈컴바인
047820,초록뱀미디어
047920,HLB제약
048410,현대바이오
048430,유라테크
048470,대동스틸
048530,인트론바이오
048550,SM C&C
048770,TPC
048830,엔피케이
048870,시너지이노베이션
048910,대원미디어
049070,인탑스
049080,기가레인
049120,파인디앤씨
049180,셀루메드
049430,코메론
049470,SGA
049480,오픈베이스
049520,유아이엘
049550,잉크테크
049630,재영솔루텍
049720,고려신용정보
049830,승일
049950,미래컴퍼니
049960,쎌바이오텍
050090,비케이홀딩스
050110,캠시스
050120,ES큐브
050760,에스폴리텍
050860,아세아텍
050890,쏠리드
050960,수산아이앤티
051160,지어소프트
051360,토비스
051370,인터플렉스
051380,피씨디렉트
051390,YW
051490,나라엠앤디
051500,CJ프레시웨이
051780,큐로홀딩스
051980,중앙첨단소재
052020,에스티큐브
052220,iMBC
052260,현대바이오랜드
052300,씨티프라퍼티
052330,코텍
052400,코나아이
052420,오성첨단소재
052460,아이크래프트
052600,한네트
052670,제일바이오
052710,아모텍
052770,아이톡시
052790,액토즈소프트
052860,아이앤씨
052900,KX하이텍
053030,바이넥스
053050,지에스이
053060,세동
053080,케이엔솔
053160,프리엠스
053260,금강철강
053270,구영테크
053280,예스24
053290,NE능률
053300,한국정보인증
053350,이니텍
053450,세코닉스
053580,웹케시
053610,프로텍
053620,태양
053700,삼보모터스
053800,안랩
053950,경남제약
053980,오상자이엘
054040,한국컴퓨터
054050,농우바이오
054090,삼진엘앤디
054180,메디콕스
054210,이랜텍
054220,비츠로시스
054300,팬스타엔터프라이즈
054410,케이피티유
054450,텔레칩스
054540,삼영엠텍
054620,APS
054630,에이디칩스
054670,대한뉴팜
054780,키이스트
054800,아이디스홀딩스
054920,한컴위드
054930,유신
054940,엑사이엔씨
054950,제이브이엠
056080,유진로봇
056090,이노시스
056190,에스에프에이
056360,코위버
056700,신화인터텍
056730,CNT85
057030,YBM넷
057540,옴니시스템
057680,티사이언티픽
057880,푸른소나무
058110,멕아이씨에스
058400,KNN
058450,한주에이알티
058470,리노공업
058610,에스피지
058630,엠게임
058820,CMG제약
058970,엠로
059090,미코
059100,아이컴포넌트
059120,아진엑스텍
059210,메타바이오메드
059270,해성에어로보틱스
060150,인선이엔티
060230,소니드
060240,스타코링크
060250,NHN KCP
060260,뉴보텍
060280,큐렉소
060310,3S
060370,LS마린솔루션
060380,동양에스텍
060480,국일신동
060540,에스에이티
060560,홈센타홀딩스
060570,드림어스컴퍼니
060590,씨티씨바이오
060720,KH바텍
060850,영림원소프트랩
060900,DGP
061040,알에프텍
061250,화일약품
061970,LB세미콘
062860,티엘아이
062970,한국첨단소재
063080,컴투스홀딩스
063170,서울옥션
063440,SM Life Design
063570,한국전자금융
063760,이엘피
064090,인크레더블버즈
064240,홈캐스트
064260,다날
064290,인텍플러스
064480,브리지텍
064520,테크엘
064550,바이오니아
064760,티씨케이
064800,포니링크
064820,케이프
064850,에프앤가이드
065060,지엔코
065130,탑엔지니어링
065150,대산F&B
065170,비엘팜텍
065350,신성델타테크
065370,위세아이텍
065420,에스아이리소스
065440,이루온
065450,빅텍
065500,오리엔트정공
065510,휴비츠
065530,와이어블
065570,삼영이엔씨
065650,하이퍼코퍼레이션
065660,안트로젠
065680,우주일렉트로
065690,파커스
065710,서호전기
065770,CS
065950,웰크론
066130,하츠
066310,큐에스아이
066360,체리부로
066410,버킷스튜디오
066430,와이오엠
066590,우수AMS
066620,국보디자인
066670,디티씨
066700,테라젠이텍스
066790,씨씨에스
066900,디에이피
066910,손오공
066980,한성크린텍
067000,조이시티
067010,이씨에스
067080,대화제약
067160,SOOP
067170,오텍
067280,멀티캠퍼스
067290,JW신약
067310,하나마이크론
067370,선바이오
067390,아스트
067570,엔브이에이치코리아
067630,HLB생명과학
067730,로지시스
067770,세진티에스
067900,와이엔텍
067920,이글루
067990,도이치모터스
068050,팬엔터테인먼트
068100,케이웨더
068240,다원시스
068330,일신바이오
068760,셀트리온제약
068790,DMS
068930,디지털대성
068940,셀피글로벌
069080,웹젠
069140,누리플랜
069330,유아이디
069410,엔텔스
069510,에스텍
069540,빛과전자
069920,엑시온그룹
070300,엑스큐어
070590,한솔인티큐브
071200,인피니트헬스케어
071280,로체시스템즈
071460,위니아
071670,에이테크솔루션
071850,캐스텍코리아
072020,중앙백신
072470,우리산업홀딩스
072520,제넨바이오
072770,율호
072870,메가스터디
072950,빛샘전자
072990,에이치시티
073010,케이에스피
073110,엘엠에스
073190,듀오백
073490,이노와이어리스
073540,에프알텍
073560,우리손에프앤지
073570,리튬포어스
073640,테라사이언스
074430,아미노로직스
074600,원익QnC
075130,플랜티넷
075970,동국알앤에스
076080,웰크론한텍
076610,해성옵틱스
077360,덕산하이메탈
078020,LS증권
078070,유비쿼스홀딩스
078130,국일제지
078140,대봉엘에스
078150,HB테크놀러지
078160,메디포스트
078340,컴투스
078350,한양디지텍
078590,휴림에이텍
078600,대주전자재료
078860,엔에스이엔엠
078890,가온그룹
078940,퀀타피아
079000,와토스코리아
079170,한창산업
079190,케스피온
079370,제우스
079650,서산
079810,디이엔티
079940,가비아
079950,인베니아
079960,동양이엔피
079970,투비소프트
080000,에스엔유
080010,이상네트웍스
080160,모두투어
080220,제주반도체
080420,모다이노칩
080470,성창오토텍
080520,오디텍
080530,코디
080580,오킨스전자
080720,한국유니온제약
081150,티플랙스
081580,성우전자
082210,옵트론텍
082270,젬백스
082660,코스나인
082800,비보존 제약
082850,우리바이오
082920,비츠로셀
083310,엘오티베큠
083450,GST
083470,이엠앤아이
083500,에프엔에스테크
083550,케이엠
083640,인콘
083650,비에이치아이
083660,CSA 코스믹
083790,CG인바이츠
083930,아바코
084110,휴온스글로벌
084180,수성웹툰
084370,유진테크
084440,유비온
084650,랩지노믹스
084730,팅크웨어
084850,아이티엠반도체
084990,헬릭스미스
085660,차바이오텍
085670,뉴프렉스
085810,알티캐스트
085910,네오티스
086040,바이오톡스텍
086060,진바이오텍
086390,유니테스트
086450,동국제약
086520,에코프로
086670,비엠티
086710,선진뷰티사이언스
086820,바이오솔루션
086890,이수앱지스
086900,메디톡스
086960,MDS테크
086980,쇼박스
087010,펩트론
087260,모바일어플라이언스
087600,픽셀플러스
088130,동아엘텍
088280,쏘닉스
088290,이원컴포텍
088340,유라클
088390,이녹스
088800,에이스테크
088910,동우팜투테이블
089010,켐트로닉스
089030,테크윙
089140,넥스턴바이오
089150,케이씨티
089230,THE E&M
089600,나스미디어
089790,제이티
089850,유비벨록스
089890,코세스
089970,브이엠
089980,상아프론테크
090150,아이윈
090360,로보스타
090410,덕신이피씨
090470,제이스텍
090710,휴림로봇
090850,현대이지웰
091120,이엠텍
091340,S&K폴리텍
091440,한울소재과학
091580,상신이디피
091590,남화토건
091700,파트론
091970,나노캠텍
092040,아미코젠
092070,디엔에프
092130,이크레더블
092190,서울바이오시스
092300,현우산업
092460,한라IMS
092600,앤씨앤
092730,네오팜
092870,엑시콘
093190,빅솔론
093320,케이아이엔엑스
093380,풍강
093520,매커스
093640,케이알엠
093920,서원인텍
094170,동운아나텍
094360,칩스앤미디어
094480,갤럭시아머니트리
094820,일진파워
094840,슈프리마에이치큐
094850,참좋은여행
094860,네오리진
094940,푸른기술
094970,제이엠티
095190,이엠코리아
095270,웨이브일렉트로
095340,ISC
095500,미래나노텍
095610,테스
095660,네오위즈
095700,제넥신
095910,에스에너지
096040,이트론
096240,크레버스
096350,대창솔루션
096530,씨젠
096610,알에프세미
096630,에스코넥
096690,에이루트
096870,엘디티
097780,에코볼트
097800,윈팩
097870,효성오앤비
098120,마이크로컨텍솔
098460,고영
098660,에스티오
099190,아이센스
099220,SDN
099320,쎄트렉아이
099390,브레인즈컴퍼니
099410,동방선기
099430,바이오플러스
099440,스맥
099520,DGI
099750,이지케어텍
100030,인지소프트
100120,뷰웍스
100130,동국S&C
100590,머큐리
100660,서암기계공업
100700,세운메디칼
100790,미래에셋벤처투자
101000,KS인더스트리
101160,월덱스
101170,우림피티에스
101240,씨큐브
101330,모베이스
101360,에코앤드림
101390,아이엠
101400,엔시트론
101490,에스앤에스텍
101670,하이드로리튬
101680,한국정밀기계
101730,위메이드맥스
101930,인화정공
102120,어보브반도체
102370,케이옥션
102710,이엔에프테크놀로지
102940,코오롱생명과학
103230,에스앤더블류
103840,우양
104040,대성파인텍
104200,NHN벅스
104460,디와이피엔에프
104480,티케이케미칼
104540,코렌텍
104620,노랑풍선
104830,원익머트리얼즈
105330,케이엔더블유
105550,엣지파운드리
105740,디케이락
105760,포스뱅크
106080,하이소닉
106190,하이텍팜
106240,파인테크닉스
106520,노블엠앤비
107600,새빗켐
107640,한중엔시에스
108230,톱텍
108380,대양전기공업
108490,로보티즈
108860,셀바스AI
109080,옵티시스
109610,에스와이
109670,씨싸이트
109740,디에스케이
109820,진매트릭스
109860,동일금속
109960,AP헬스케어
110020,전진바이오팜
110790,크리스에프앤씨
110990,디아이티
111710,남화산업
111870,KH 미래물산
112040,위메이드
112290,와이씨켐
113810,디젠스
114190,강원에너지
114450,그린생명과학
114630,폴라리스우노
114810,한솔아이원스
114840,아이패밀리에스씨
115160,휴맥스
115180,큐리언트
115310,인포바인
115440,우리넷
115450,HLB테라퓨틱스
115480,씨유메디칼
115500,케이씨에스
115530,씨엔플러스
115570,스타플렉스
115610,이미지스
117670,알파홀딩스
117730,티로보틱스
118990,모트렉스
119500,포메탈
119610,인터로조
119830,아이텍
119850,지엔씨에너지
120240,대정화금
121440,골프존뉴딘홀딩스
121600,나노신소재
121800,비덴트
121850,코이즈
121890,에스디시스템
122310,제노레이
122350,삼기
122450,KX
122640,예스티
122690,서진오토모티브
122870,와이지엔터테인먼트
122990,와이솔
123010,아이윈플러스
123040,엠에스오토텍
123330,제닉
123410,코리아에프티
123420,위메이드플레이
123570,이엠넷
123750,알톤
123840,뉴온
123860,아나패스
124500,아이티센
124560,태웅로직스
125210,아모그린텍
126340,비나텍
126600,BGF에코머티리얼즈
126640,화신정공
126700,하이비젼시스템
126730,코칩
126880,제이엔케이글로벌
127120,디엔에이링크
127710,아시아경제
127980,화인써키트
128540,에코캡
128660,피제이메탈
129890,앱코
129920,대성하이텍
130500,GH신소재
130580,나이스디앤비
130740,티피씨글로벌
131030,옵투스제약
131090,시큐브
131100,티엔엔터테인먼트
131180,딜리
131220,대한과학
131290,티에스이
131370,알서포트
131400,이브이첨단소재
131760,파인텍
131970,두산테스나
133750,메가엠디
134060,이퓨쳐
134580,탑코미디어
136410,아셈스
136480,하림
136540,윈스
137080,나래나노텍
137400,피엔티
137940,넥스트아이
137950,제이씨케미칼
138070,신진에스엠
138080,오이솔루션
138360,협진
138580,비즈니스온
138610,나이벡
139050,BF랩스
139670,키네마스터
140070,서플러스글로벌
140410,메지온
140430,카티스
140520,대창스틸
140670,알에스오토메이션
140860,파크시스템스
141000,비아트론
141080,리가켐바이오
142210,유니트론텍
142280,녹십자엠에스
142760,모아라이프플러스
143160,아이디스
143240,사람인
143540,영우디에스피
144510,지씨셀
144960,뉴파워프라즈마
145020,휴젤
145170,노브랜드
146060,율촌
146320,비씨엔씨
147760,피엠티
147830,제룡산업
148150,세경하이테크
148250,알엔투테크놀로지
148780,비큐AI
148930,에이치와이티씨
149950,아바텍
149980,하이로닉
150840,인트로메딕
150900,파수
151860,KG에코솔루션
151910,퓨처코어
153460,네이블
153490,우리이앤엘
153710,옵티팜
154030,아시아종묘
154040,다산솔루에타
155650,와이엠씨
156100,엘앤케이바이오
158430,아톤
159010,아스플로
159580,제로투세븐
159910,스킨앤스킨
160190,하이젠알앤엠
160550,NEW
160600,이큐셀
160980,싸이맥스
161580,필옵틱스
162300,신스틸
163280,에어레인
163730,핑거
166090,하나머티리얼즈
166480,코아스템켐온
168330,내츄럴엔도텍
168360,펨트론
169330,엠브레인
170030,현대공업
170790,파이오링크
170920,엘티씨
171010,램테크놀러지
171090,선익시스템
171120,라이온켐텍
172670,에이엘티
173130,오파스넷
173940,에프엔씨엔터
174880,장원테크
174900,앱클론
175140,휴먼테크놀로지
175250,아이큐어
177350,베셀
177830,파버나인
178320,서진시스템
178780,일월지엠엘
179290,엠아이텍
179530,애드바이오텍
179900,유티아이
180400,DXVX
182360,큐브엔터
182400,엔케이맥스
183300,코미코
183490,엔지켐생명과학
184230,SGA솔루션즈
185490,아이진
186230,그린플러스
187220,디티앤씨
187270,신화콘텍
187420,제노포커스
187660,현대ADM
187790,나노
187870,디바이스이엔지
188260,세니젠
189300,인텔리안테크
189330,씨이랩
189690,포시에스
189860,서전기전
189980,흥국에프엔비
190510,나무가
190650,코리아에셋투자증권
191410,육일씨엔에쓰
191420,테고사이언스
192250,케이사인
192390,윈하이텍
192410,휴림네트웍스
192440,슈피겐코리아
193250,링크드
194480,데브시스터즈
194700,노바렉스
195500,마니커에프앤지
195940,HK이노엔
195990,에이비프로바이오
196170,알테오젠
196300,애니젠
196450,코아시아씨엠
196490,디에이테크놀로지
196700,웹스
197140,디지캡
198080,엔피디
198440,강동씨앤엘
198940,한주라이트메탈
199430,케이엔알시스템
199480,뱅크웨어글로벌
199550,레이저옵텍
199730,바이오인프라
199800,툴젠
199820,제일일렉트릭
200130,콜마비앤에이치
200230,텔콘RF제약
200350,래몽래인
200470,에이팩트
200670,휴메딕스
200710,에이디테크놀로지
200780,비씨월드제약
201490,미투온
203400,에이비온
203450,유니온커뮤니티
203650,드림시큐리티
203690,아크솔루션스
204020,그리티
204270,제이앤티씨
204610,티쓰리
204620,글로벌텍스프리
204630,스튜디오산타클로스
204840,지엘팜텍
205100,엑셈
205470,휴마시스
205500,액션스퀘어
206400,베노티앤알
206560,덱스터
206640,바디텍메드
206650,유바이오로직스
207760,미스터블루
208140,정다운
208340,파멥신
208350,지란지교시큐리티
208370,셀바스헬스케어
208640,썸에이지
208710,바이오로그디바이스
208860,엔지스테크널러지
209640,와이제이링크
210120,빅텐츠
211050,인카금융서비스
211270,AP위성
212560,네오오토
213420,덕산네오룩스
214150,클래시스
214180,헥토이노베이션
214260,라파스
214270,FSN
214310,에스엘에너지
214370,케어젠
214430,아이쓰리시스템
214450,파마리서치
214610,미코바이오메드
214680,디알텍
214870,한울BnC
215000,골프존
215090,휴센텍
215100,로보로보
215200,메가스터디교육
215360,우리산업
215380,우정바이오
215480,토박스코리아
215600,신라젠
215790,이노인스트루먼트
216050,인크로스
216080,제테마
217190,제너셈
217270,넵튠
217330,싸이토젠
217480,에스디생명공학
217500,러셀
217620,디딤이앤에프
217730,강스템바이오텍
217820,원익피앤이
218150,미래생명자원
218410,RFHIC
219130,타이거일렉
219420,링크제니시스
219550,디와이디
219750,한국비티비
220100,퓨쳐켐
220180,핸디소프트
220260,켐트로스
221800,유투바이오
221840,하이즈항공
221980,케이디켐
222040,코스맥스엔비티
222080,씨아이에스
222110,팬젠
222160,NPX
222420,쎄노텍
222800,심텍
222810,세토피아
222980,한국맥널티
223250,드림씨아이에스
223310,딥마인드
224060,더코디
224110,에이텍모빌리티
225190,LK삼양
225220,제놀루션
225430,케이엠제약
225530,보광산업
225570,넥슨게임즈
225590,패션플랫폼
226330,신테카바이오
226340,본느
226360,KH 건설
226400,오스테오닉
226440,한송네오텍
226950,올릭스
227100,퀀텀온
227610,아우딘퓨쳐스
227950,엔투텍
228340,동양파일
228670,레이
228760,지노믹트리
228850,레이언스
229000,젠큐릭스
230240,에치에프알
230360,에코마케팅
230980,비유테크놀러지
232140,와이씨
232680,라온테크
232830,시큐센
234100,폴라리스세원
234300,에스트래픽
234340,헥토파이낸셜
234690,녹십자웰빙
234920,자이글
235980,메드팩토
236200,슈프리마
236810,엔비티
237690,에스티팜
237750,피앤씨테크
237820,플레이디
237880,클리오
238090,앤디포스
238120,얼라인드
238200,비피도
238490,힘스
239340,이스트에이드
239610,에이치엘사이언스
239890,피엔에이치테크
240600,유진테크놀로지
240810,원익IPS
241520,DSC인베스트먼트
241690,유니테크노
241710,코스메카코리아
241770,메카로
241790,티이엠씨씨엔에스
241820,피씨엘
241840,에이스토리
242040,나무기술
243070,휴온스
243840,신흥에스이씨
244460,올리패스
245620,EDGC
246250,에스엘에스바이오
246690,TS인베스트먼트
246710,티앤알바이오팹
246720,아스타
246960,SCL사이언스
247540,에코프로비엠
247660,나노씨엠에스
250000,보라티알
250060,모비스
250930,예선테크
251120,바이오에프디엔씨
251370,와이엠티
251630,브이원텍
251970,펌텍코리아
252500,세화피앤씨
252990,샘씨엔에스
253450,스튜디오드래곤
253590,네오셈
253840,수젠텍
254120,자비스
254490,미래반도체
255220,SG
255440,야스
256150,한독크린텍
256630,포인트엔지니어링
256840,한국비엔씨
256940,케이피에스
257370,피엔티엠에스
257720,실리콘투
258610,케일럼
258790,소프트캠프
258830,세종메디칼
259630,엠플러스
260660,알리코제약
260930,씨티케이
260970,에스앤디
261200,덴티스
261780,차백신연구소
262260,에이프로
262840,아이퀘스트
263020,디케이앤디
263050,유틸렉스
263600,덕우전자
263690,디알젬
263700,케어랩스
263720,디앤씨미디어
263750,펄어비스
263770,유에스티
263800,데이타솔루션
263810,상신전자
263860,지니언스
263920,휴엠앤씨
264450,유비쿼스
264660,씨앤지하이테크
264850,이랜시스
265520,AP시스템
265560,영화테크
265740,엔에프씨
267320,나인테크
267790,배럴
267980,매일유업
268600,셀리버리
269620,시스웍
270520,지오릿에너지
270660,에브리봇
270870,뉴트리
271830,팸텍
272110,케이엔제이
272290,이녹스첨단소재
273060,와이즈버즈
273640,와이엠텍
274090,켄코아에어로스페이스
274400,이노시뮬레이션
275630,에스에스알
276040,스코넥
276730,제주맥주
277070,린드먼아시아
277410,인산가
277810,레인보우로보틱스
277880,티에스아이
278280,천보
278650,HLB바이오스텝
279600,미디어젠
281740,레이크머티리얼즈
282720,금양그린파워
282880,코윈테크
284620,카이노스메드
285490,노바텍
285800,진영
286750,나노브릭
288330,브릿지바이오테라퓨틱스
288620,에스퓨얼셀
288980,모아데이타
289010,아이스크림에듀
289080,SV인베스트먼트
289220,자이언트스텝
289930,웨이비스
290090,트윔
290120,DH오토리드
290270,휴네시온
290380,대유
290520,신도기연
290550,디케이티
290560,신시웨이
290650,엘앤씨바이오
290660,네오펙트
290670,대보마그네틱
290690,소룩스
290720,푸드나무
290740,액트로
291230,엔피
291650,압타머사이언스
291810,핀텔
293490,카카오게임즈
293580,나우IB
293780,압타바이오
294090,이오플로우
294140,레몬
294570,쿠콘
294630,서남
295310,에이치브이엠
296640,이노룰스
297090,씨에스베어링
297570,알로이스
297890,HB솔루션
298060,에스씨엠생명과학
298380,에이비엘바이오
298540,더네이쳐홀딩스
298830,슈어소프트테크
299030,하나기술
299170,더블유에스아이
299660,셀리드
299900,위지윅스튜디오
299910,애닉
300080,플리토
300120,라온피플
301300,바이브컴퍼니
302430,이노메트리
302550,리메드
303030,지니틱스
303360,프로티아
303530,이노뎁
304100,솔트룩스
304360,에스바이오메딕스
304840,피플바이오
305090,마이크로디지탈
306040,에스제이그룹
306620,네온테크
307180,아이엘사이언스
307280,원바이오젠
307750,국전약품
307870,비투엔
307930,컴퍼니케이
308080,바이젠셀
308100,까스텔바작
308430,셀비온
309930,오하임앤컴퍼니
309960,LB인베스트먼트
310200,애니플러스
310210,보로노이
310870,디와이씨
311320,지오엘리먼트
311390,네오크레마
311690,CJ 바이오사이언스
312610,에이에프더블류
313760,캐리
314130,지놈앤컴퍼니
314140,알피바이오
314930,바이오다인
315640,딥노이드
317120,라닉스
317240,TS트릴리온
317330,덕산테코피아
317530,캐리소프트
317690,퀀타매트릭스
317770,엑스페릭스
317830,에스피시스템스
317850,대모
317870,엔바이오니아
318000,KBG
318010,팜스빌
318020,포인트모바일
318160,셀바이오휴먼텍
318410,비비씨
319400,현대무벡스
319660,피에스케이
320000,한울반도체
321260,프로이천
321370,센서뷰
321550,티움바이오
321820,아티스트유나이티드
322180,티라유텍
322310,오로스테크놀로지
322510,제이엘케이
322780,코퍼스코리아
323230,엠에프엠코리아
323280,태성
323350,다원넥스뷰
323990,박셀바이오
327260,RF머트리얼즈
328130,루닛
328380,솔트웨어
330350,위더스제약
330730,스톤브릿지벤처스
330860,네패스아크
331380,포커스에이치엔에스
331520,밸로프
331920,셀레믹스
332290,누보
332370,아이디피
332570,와이팜
333050,모코엠시스
333430,일승
333620,엔시스
334970,프레스티지바이오로직스
335810,프리시젼바이오
335870,윙스풋
335890,비올
336060,웨이버스
336570,원텍
336680,탑런토탈솔루션
337930,브랜드엑스코퍼레이션
338220,뷰노
338840,와이바이오로직스
339950,아이비김영
340360,다보링크
340440,세림B&G
340570,티앤엘
340810,씨유박스
340930,유일에너테크
344860,이노진
347000,센코
347700,라이프시맨틱스
347740,피엔케이피부임상연구센타
347770,핌스
347850,디앤디파마텍
347860,알체라
347890,엠투아이
348030,모비릭스
348080,큐라티스
348150,고바이오랩
348210,넥스틴
348340,뉴로메카
348350,위드텍
348370,엔켐
351320,에스에이티이엔지
351330,이삭엔지니어링
351870,차이커뮤니케이션
352090,스톰테크
352480,씨앤씨인터내셔널
352700,씨앤투스
352770,클리노믹스
352910,오비고
352940,인바이오
353190,휴럼
353590,오토앤
353810,이지바이오
354200,엔젠바이오
354320,알멕
355150,코스텍시스
355390,크라우드웍스
355690,에이텀
356680,엑스게이트
356860,티엘비
356890,싸이버원
357230,에이치피오
357550,석경에이티
357580,아모센스
357780,솔브레인
357880,비트나인
358570,지아이이노베이션
359090,씨엔알리서치
360070,탑머티리얼
360350,코셈
361390,제노코
361570,알비더블유
361670,삼영에스앤씨
362320,청담글로벌
362990,드림인사이트
363250,진시스템
363260,모비데이즈
365270,큐라클
365330,에스와이스틸텍
365340,성일하이텍
365590,하이딥
365900,브이씨
366030,공구우먼
367000,플래티어
368600,아이씨에이치
368770,파이버프로
368970,오에스피
369370,블리츠웨이스튜디오
370090,퓨런티어
371950,풍원정밀
372170,윤성에프앤씨
372320,큐로셀
372800,아이티아이즈
373110,엑셀세라퓨틱스
373170,엠아이큐브솔루션
373200,엑스플러스
376180,피코그램
376190,LB루셈
376270,에이치이엠파마
376290,씨유테크
376300,디어유
376930,노을
376980,원티드랩
377030,맥스트
377220,프롬바이오
377330,이지트로닉스
377450,리파인
377460,위니아에이드
377480,마음AI
378340,필에너지
378800,샤페론
380540,옵티코어
381620,제닉스
382480,지아이텍
382800,지앤비에스 에코
382840,원준
382900,범한퓨얼셀
383310,에코프로에이치엔
383930,디티앤씨알오
384470,코어라인소프트
388050,지투파워
388720,유일로보틱스
388790,라이콤
388870,파로스아이바이오
389020,자람테크놀로지
389030,지니너스
389140,포바이포
389260,대명에너지
389470,인벤티지랩
389500,에스비비테크
389650,넥스트바이오메디컬
391710,코닉오토메이션
393210,토마토시스템
393890,더블유씨피
394280,오픈엣지테크놀로지
394800,쓰리빌리언
396270,넥스트칩
396300,세아메카닉스
396470,워트
397030,에이프릴바이오
399720,가온칩스
402030,코난테크놀로지
402490,그린리소스
403490,우듬지팜
403870,HPSP
405000,플라즈맵
405100,큐알티
405920,나라셀라
406760,하나금융21호스팩
406820,뷰티스킨
407400,꿈비
408900,스튜디오미르
408920,메쎄이상
411080,샌즈랩
412350,레이저쎌
412540,제일엠앤에스
412930,미래에셋비전스팩1호
413600,키움제6호스팩
413630,씨피시스템
413640,비아이매트릭스
415380,스튜디오삼익
415580,상상인제3호스팩
416180,신성에스티
417010,나노팀
417180,핑거스토리
417200,LS머트리얼즈
417500,제이아이테크
417790,트루엔
417840,저스템
417860,오브젠
417970,모델솔루션
418170,하나금융22호스팩
418210,신한제10호스팩
418250,시큐레터
418420,라온텍
418470,밀리의서재
418550,제이오
418620,이에이트
419050,삼기이브이
419080,엔젯
419120,산돌
419530,SAMG엔터
419540,비스토스
420570,제이투케이바이오
420770,기가비스
421800,교보12호스팩
422040,엔에이치스팩23호
424140,케이비제21호스팩
424760,벨로크
424960,스마트레이더시스템
424980,마이크로투나노
425040,티이엠씨
425290,삼성스팩6호
425420,티에프이
429270,시지트로닉스
430220,신영스팩8호
430460,한화플러스제3호스팩
430690,한싹
430700,유안타제9호스팩
431190,케이쓰리아이
432430,와이랩
432470,케이엔에스
432720,퀄리타스반도체
433530,키움제7호스팩
434480,모니터랩
435380,유안타제10호스팩
435620,하나금융25호스팩
435870,에스케이증권제8호스팩
437730,삼현
437780,엔에이치스팩24호
438220,대신밸런스제13호스팩
438580,엔에이치스팩25호
438700,버넥트
439090,마녀공장
439250,삼성스팩7호
439410,엔에이치스팩26호
439580,블루엠텍
439730,IBKS제20호스팩
440110,파두
440290,HB인베스트먼트
440320,오픈놀
440790,교보13호스팩
440820,엔에이치스팩27호
441270,파인엠텍
442130,유진스팩9호
442310,대신밸런스제14호스팩
442770,IBKS제21호스팩
442900,미래에셋드림스팩1호
443250,레뷰코퍼레이션
443670,에스피소프트
444920,유안타제11호스팩
445090,에이직랜드
445180,퓨릿
445360,비엔케이제1호스팩
445680,큐리옥스바이오시스템즈
445970,신영스팩9호
446150,유안타제12호스팩
446190,미래에셋비전스팩2호
446540,메가터치
446750,하나26호스팩
446840,키움제8호스팩
448280,에코아이
448370,하나27호스팩
448710,코츠테크놀로지
448740,삼성스팩8호
448760,IBKS제22호스팩
448830,미래에셋비전스팩3호
449020,유안타제13호스팩
450050,하이제8호스팩
450330,하스
450520,인스웨이브시스템즈
450940,유안타제14호스팩
451220,아이엠티
451250,삐아
451700,엔에이치스팩29호
451760,컨텍
452160,제이엔비
452190,한빛레이저
452200,민테크
452280,한선엔지니어링
452300,캡스톤파트너스
452400,이닉스
452430,사피엔반도체
452670,상상인제4호스팩
452980,신한제11호스팩
453450,그리드위즈
453860,에이에스텍
454640,하나29호스팩
454750,하나28호스팩
455250,KB제25호스팩
455310,한화플러스제4호스팩
455900,엔젤로보틱스
455910,에스케이증권제9호스팩
456010,아이씨티케이
456070,이엔셀
456440,DB금융스팩11호
456490,교보14호스팩
457370,한켐
457390,대신밸런스제15호스팩
457550,우진엔텍
457630,대신밸런스제16호스팩
457940,에스케이증권제10호스팩
458320,KB제26호스팩
458610,한국제12호스팩
458650,성우
458870,씨어스테크놀로지
460470,아이빔테크놀로지
460930,현대힘스
460940,피앤에스미캐닉스
461030,아이엠비디엑스
461300,아이스크림미디어
462020,에이치엠씨제6호스팩
462350,이노스페이스
462510,라메디텍
464080,에스오에스랩
464280,티디에스팜
464440,한국제13호스팩
464500,아이언디바이스
464580,닷밀
464680,KB제27호스팩
465320,교보15호스팩
465480,인스피언
466100,클로봇
466910,엔에이치스팩30호
467930,IBKS제23호스팩
468510,삼성스팩9호
468760,유진스팩10호
469480,IBKS제24호스팩
469750,아이비젼웍스
469880,하나30호스팩
469900,하나31호스팩
471050,대신밸런스제17호스팩
472220,신영스팩10호
472230,에스케이증권제11호스팩
472850,폰드그룹
473000,에스케이증권제12호스팩
473050,유안타제15호스팩
473370,비엔케이제2호스팩
473950,에스케이증권제13호스팩
473980,노머스
474170,루미르
474490,유안타제16호스팩
474660,신한제12호스팩
474930,신한제13호스팩
475240,하나32호스팩
475250,하나33호스팩
475400,씨메스
475580,에이럭스
475960,토모큐브
476080,M83
476470,KB제28호스팩
477340,에이치엠씨제7호스팩
477380,미래에셋비전스팩4호
477470,미래에셋비전스팩5호
477530,한국제14호스팩
477760,DB금융스팩12호
478110,이베스트스팩6호
478390,KB제29호스팩
478440,미래에셋비전스팩6호
478780,대신밸런스제18호스팩
479880,한국제15호스팩
481890,엔에이치스팩31호
482520,교보16호스팩
482680,미래에셋비전스팩7호
486630,KB제30호스팩
487830,신한제15호스팩
488060,유진스팩11호
950190,고스트스튜디오
950110,SBI핀테크솔루션즈
950170,JTC
950130,엑세스바이오
950140,잉글우드랩
950160,코오롱티슈진
950220,네오이뮨텍
950200,소마젠
900280,골든센츄리
900120,씨엑스아이
900250,크리스탈신소재
900070,글로벌에스엠
900100,애머릿지
F70100001,한투글로벌신성장2호(A)
F70100002,한투글로벌신성장1호(A)
F70100003,한투글로벌신성장1호(A-e)
F70100004,한투글로벌신성장2호(A-e)
F70100005,한투글로벌AI빅테크1호(A)
F70100006,한투글로벌AI빅테크1호(A-e)
F70100007,한투글로벌AI빅테크2호(A)
F70100008,한투글로벌AI빅테크2호(A-e)
F70100009,한투삼성그룹성장테마1호(A)
F70100010,한투삼성그룹성장테마1호(A-e)
F70100011,한투삼성그룹성장테마2호(A)
F70100012,한투삼성그룹성장테마2호(A-e)
F70101B95,밀라노부동산
F70101B96,벨기에코어오피스2호
F70101B9A,한국투자뉴욕오피스1호
F70101BB1,한국투자서울오피스
F70102B96,룩셈부르크코어오피스(파생형)(A)
F70103B96,룩셈부르크코어오피스(파생형)(C-I)
F71201B97,키움히어로즈미국물류부동산1호
F71201B98,키움히어로즈유럽오피스부동산1호 A
F71202B98,키움히어로즈유럽오피스부동산1호 C-I
F71203B98,키움히어로즈유럽오피스부동산2호 A
F71204B98,키움히어로즈유럽오피스부동산2호 C-I
F71205B98,키움히어로즈유럽오피스부동산3호 A
F71206B98,키움히어로즈유럽오피스부동산3호 C-I
F71207B98,키움히어로즈유럽오피스부동산4호 A
F71208B98,키움히어로즈유럽오피스부동산4호 C-I
F71901B9B,KB와이즈스타부동산3A
F71901BB4,KB국민참여뉴딜
F71901BBC,KB국민참여뉴딜2A
F71902B9B,KB와이즈스타부동산3C-F
F71902BBC,KB국민참여뉴딜2C
F72500001,신한공모주하이일드[채권혼합](종A1)
F72500002,신한공모주하이일드[채권혼합](종A-e)
F72501BB4,신한국민참여정책형뉴딜혼합자산(종A1)
F72501BBC,신한국민참여정책형뉴딜혼합자산2호 C1
F72502BB4,신한국민참여정책형뉴딜혼합자산(종C1)
F72502BBC,신한국민참여정책형뉴딜혼합자산2호 A1
F72801BB4,한화국민참여정책형뉴딜 A
F72801BBC,한화국민참여정책형뉴딜2A
F72802BB4,한화국민참여정책형뉴딜 C
F72802BBC,한화국민참여정책형뉴딜2C
F73300003,다올공모주하이일드만기형증권3 A
F73300004,다올공모주하이일드만기형증권3 Ae
F73400001,코레이트하이일드공모주만기형증권1호A
F73400002,코레이트하이일드공모주만기형증권1호A-e
F73400003,코레이트하이일드공모주투게더증권A
F73400004,코레이트하이일드공모주투게더증권A-e
F73400005,코레이트하이일드공모주투게더증권A2
F73501BB4,GB국민참여정책형뉴딜A
F73501BBC,GB뉴딜기업2호A
F73502BB4,GB국민참여정책형뉴딜C
F73502BBC,GB뉴딜기업2호Ae
F73503BB4,GB국민참여정책형뉴딜I
F74100003,흥국플러스공모주하이일드증권2호 A
F74100004,흥국플러스공모주하이일드증권2호 A-e
F74100005,흥국플러스공모주하이일드증권2호 C-f
F74201773,하나대체나사부동산1호
F7420177B,하나대체미국LA부동산1호 A
F74201BAA,하나대체미국부동산1호 A
F7420277B,하나대체미국LA부동산1호 F
F74202BAA,하나대체미국부동산1호 C-I
F74401777,맵스미국11호
F74401BAA,맵스미국16호 종류A
F74601669,KCGI베트남증권투자신탁
F74701776,이지스코어부동산126호 A
F74701789,이지스204호 Class A
F74701B8A,이지스229호 Class A
F74701B97,이지스글로벌281호 Class A
F74701B9A,이지스299호A
F74702776,이지스코어부동산126호 C-i
F74702786,이지스리테일194호
F74702B8A,이지스229호 Class C-I
F75601BA2,유경공모부동산3호ClassA
F75602BA2,유경공모부동산3호ClassC-I
F75701BA7,현대유퍼스트부동산30호[파생형] A
F75702BA7,현대유퍼스트부동산30호[파생형] C-i
F75801BB4,IBK 국민참여정책형뉴딜 혼합자산 A
F75801BBC,IBK국민참여정책형뉴딜혼합자산2호A
F75802BB4,IBK 국민참여정책형뉴딜 혼합자산 C
F75802BBC,IBK국민참여정책형뉴딜혼합자산2호C
F76201BC5,이탈리아물류1호 종류A
F76400001,VIP The First 증권투자신탁 1호 A
F76400002,VIP The First 증권투자신탁 1호 A-e
F76400003,VIP The First 증권투자신탁 2호 A
F76400004,VIP The First 증권투자신탁 2호 A-e
F77200001,한국밸류K-파워1호 (A)
F77200002,한국밸류K-파워1호 (A-e)
F77200003,한국밸류K-파워2호 (A)
F77200004,한국밸류K-파워2호 (A-e)
F77200005,한국밸류AI혁신소부장1호(A)
F77200006,한국밸류AI혁신소부장1호(A-e)
F77200007,한국밸류AI혁신소부장1호(C-F)
F77200008,한국밸류AI혁신소부장2호(A)
F77200009,한국밸류AI혁신소부장2호(A-e)
F77200010,한국밸류AI혁신소부장2호(C-F)
F77200011,한국밸류기업가치포커스1호(A)
F77200012,한국밸류기업가치포커스1호(A-e)
F77200013,한국밸류기업가치포커스1호(C-F)
F77200014,한국밸류기업가치포커스2호(A)
F77200015,한국밸류기업가치포커스2호(A-e)
F77200016,한국밸류기업가치포커스2호(C-F)
F77300001,밸류시스템SAFE증권1호(A)
F77300002,밸류시스템SAFE증권1호(Ae)
F77300003,밸류시스템SAFE증권2호(A)
F77300004,밸류시스템SAFE증권2호(Ae)
000020,동화약품
000040,KR모터스
000050,경방
000070,삼양홀딩스
000075,삼양홀딩스우
000080,하이트진로
000087,하이트진로2우B
000100,유한양행
000105,유한양행우
000120,CJ대한통운
000140,하이트진로홀딩스
000145,하이트진로홀딩스우
000150,두산
000155,두산우
000157,두산2우B
000180,성창기업지주
000210,DL
000215,DL우
000220,유유제약
000225,유유제약1우
000227,유유제약2우B
000230,일동홀딩스
000240,한국앤컴퍼니
000270,기아
000300,대유플러스
000320,노루홀딩스
000325,노루홀딩스우
000370,한화손해보험
000390,삼화페인트
000400,롯데손해보험
000430,대원강업
000480,CR홀딩스
000490,대동
000500,가온전선
000520,삼일제약
000540,흥국화재
000545,흥국화재우
000590,CS홀딩스
000640,동아쏘시오홀딩스
000650,천일고속
000660,SK하이닉스
000670,영풍
000680,LS네트웍스
000700,유수홀딩스
000720,현대건설
000725,현대건설우
000760,이화산업
000810,삼성화재
000815,삼성화재우
000850,화천기공
000860,강남제비스코
000880,한화
000885,한화우
00088K,한화3우B
000890,보해양조
000910,유니온
000950,전방
000970,한국주철관
000990,DB하이텍
001020,페이퍼코리아
001040,CJ
001045,CJ우
00104K,CJ4우(전환)
001060,JW중외제약
001065,JW중외제약우
001067,JW중외제약2우B
001070,대한방직
001080,만호제강
001120,LX인터내셔널
001130,대한제분
001140,국보
001200,유진투자증권
001210,금호전기
001230,동국홀딩스
001250,GS글로벌
001260,남광토건
001270,부국증권
001275,부국증권우
001290,상상인증권
001340,백광산업
001360,삼성제약
001380,SG글로벌
001390,KG케미칼
001420,태원물산
001430,세아베스틸지주
001440,대한전선
001450,현대해상
001460,BYC
001465,BYC우
001470,삼부토건
001500,현대차증권
001510,SK증권
001515,SK증권우
001520,동양
001525,동양우
001527,동양2우B
001530,DI동일
001550,조비
001560,제일연마
001570,금양
001620,케이비아이동국실업
001630,종근당홀딩스
001680,대상
001685,대상우
001720,신영증권
001740,SK네트웍스
001750,한양증권
001755,한양증권우
001770,SHD
001780,알루코
001790,대한제당
001795,대한제당우
001800,오리온홀딩스
001820,삼화콘덴서
001940,KISCO홀딩스
002020,코오롱
002025,코오롱우
002030,아세아
002070,비비안
002100,경농
002140,고려산업
002150,도화엔지니어링
002170,삼양통상
002200,한국수출포장
002210,동성제약
002220,한일철강
002240,고려제강
002310,아세아제지
002320,한진
002350,넥센타이어
002355,넥센타이어1우B
002360,SH에너지화학
002380,KCC
002390,한독
002410,범양건영
002420,세기상사
002450,삼익악기
002460,HS화성
002600,조흥
002620,제일파마홀딩스
002630,오리엔트바이오
002690,동일제강
002700,신일전자
002710,TCC스틸
002720,국제약품
002760,보락
002780,진흥기업
002785,진흥기업우B
002787,진흥기업2우B
002790,아모레G
002795,아모레G우
00279K,아모레G3우(전환)
002810,삼영무역
002820,SUN&L
002840,미원상사
002870,신풍
002880,대유에이텍
002900,TYM
002920,유성기업
002960,한국쉘석유
002990,금호건설
002995,금호건설우
003000,부광약품
003010,혜인
003030,세아제강지주
003060,에이프로젠바이오로직스
003070,코오롱글로벌
003075,코오롱글로벌우
003080,성보화학
003090,대웅
003120,일성아이에스
003160,디아이
003200,일신방직
003220,대원제약
003230,삼양식품
003240,태광산업
003280,흥아해운
003300,한일홀딩스
003350,한국화장품제조
003460,유화증권
003465,유화증권우
003470,유안타증권
003475,유안타증권우
003480,한진중공업홀딩스
003490,대한항공
003495,대한항공우
003520,영진약품
003530,한화투자증권
003535,한화투자증권우
003540,대신증권
003545,대신증권우
003547,대신증권2우B
003550,LG
003555,LG우
003560,IHQ
003570,SNT다이내믹스
003580,HLB글로벌
003610,방림
003620,KG모빌리티
003650,미창석유
003670,포스코퓨처엠
003680,한성기업
003690,코리안리
003720,삼영
003780,진양산업
003830,대한화섬
003850,보령
003920,남양유업
003925,남양유업우
003960,사조대림
004000,롯데정밀화학
004020,현대제철
004060,SG세계물산
004080,신흥
004090,한국석유
004100,태양금속
004105,태양금속우
004140,동방
004150,한솔홀딩스
004170,신세계
004250,NPC
004255,NPC우
004270,남성
004310,현대약품
004360,세방
004365,세방우
004370,농심
004380,삼익THK
004410,서울식품
004415,서울식품우
004430,송원산업
004440,삼일씨엔에스
004450,삼화왕관
004490,세방전지
004540,깨끗한나라
004545,깨끗한나라우
004560,현대비앤지스틸
004690,삼천리
004700,조광피혁
004710,한솔테크닉스
004720,팜젠사이언스
004770,써니전자
004800,효성
004830,덕성
004835,덕성우
004840,DRB동일
004870,티웨이홀딩스
004890,동일산업
004910,조광페인트
004920,씨아이테크
004960,한신공영
004970,신라교역
004980,성신양회
004985,성신양회우
004990,롯데지주
00499K,롯데지주우
005010,휴스틸
005030,부산주공
005070,코스모신소재
005090,SGC에너지
005110,한창
005180,빙그레
005250,녹십자홀딩스
005257,녹십자홀딩스2우
005300,롯데칠성
005305,롯데칠성우
005320,온타이드
005360,모나미
005380,현대차
005385,현대차우
005387,현대차2우B
005389,현대차3우B
005390,신성통상
005420,코스모화학
005430,한국공항
005440,현대지에프홀딩스
005490,POSCO홀딩스
005500,삼진제약
005610,SPC삼립
005680,삼영전자
005690,파미셀
005720,넥센
005725,넥센우
005740,크라운해태홀딩스
005745,크라운해태홀딩스우
005750,대림B&Co
005800,신영와코루
005810,풍산홀딩스
005820,원림
005830,DB손해보험
005850,에스엘
005870,휴니드
005880,대한해운
005930,삼성전자
005935,삼성전자우
005940,NH투자증권
005945,NH투자증권우
005950,이수화학
005960,동부건설
005965,동부건설우
006040,동원산업
006060,화승인더
006090,사조오양
006110,삼아알미늄
006120,SK디스커버리
006125,SK디스커버리우
006200,한국전자홀딩스
006220,제주은행
006260,LS
006280,녹십자
006340,대원전선
006345,대원전선우
006360,GS건설
006370,대구백화점
006380,카프로
006390,한일현대시멘트
006400,삼성SDI
006405,삼성SDI우
006490,인스코비
006570,대림통상
006650,대한유화
006660,삼성공조
006740,영풍제지
006800,미래에셋증권
006805,미래에셋증권우
00680K,미래에셋증권2우B
006840,AK홀딩스
006880,신송홀딩스
006890,태경케미컬
006980,우성
007070,GS리테일
007110,일신석재
007120,미래아이앤지
007160,사조산업
007210,벽산
007280,한국특강
007310,오뚜기
007340,DN오토모티브
007460,에이프로젠
007540,샘표
007570,일양약품
007575,일양약품우
007590,동방아그로
007610,선도전기
007660,이수페타시스
007690,국도화학
007700,F&F홀딩스
007810,코리아써키트
007815,코리아써우
00781K,코리아써키트2우B
007860,서연
007980,TP
008040,사조동아원
008060,대덕
00806K,대덕1우
008110,대동전자
008250,이건산업
008260,NI스틸
008350,남선알미늄
008355,남선알미우
008420,문배철강
008490,서흥
008500,일정실업
008600,윌비스
008700,아남전자
008730,율촌화학
008770,호텔신라
008775,호텔신라우
008870,금비
008930,한미사이언스
008970,동양철관
009070,KCTC
009140,경인전자
009150,삼성전기
009155,삼성전기우
009160,SIMPAC
009180,한솔로지스틱스
009190,대양금속
009200,무림페이퍼
009240,한샘
009270,신원
009290,광동제약
009310,참엔지니어링
009320,아진전자부품
009410,태영건설
009415,태영건설우
009420,한올바이오파마
009440,KC그린홀딩스
009450,경동나비엔
009460,한창제지
009470,삼화전기
009540,HD한국조선해양
009580,무림P&P
009680,모토닉
009770,삼정펄프
009810,플레이그램
009830,한화솔루션
009835,한화솔루션우
009900,명신산업
009970,영원무역홀딩스
010040,한국내화
010060,OCI홀딩스
010100,한국무브넥스
010120,LS ELECTRIC
010130,고려아연
010140,삼성중공업
010400,우진아이엔에스
010420,한솔PNS
010580,에스엠벡셀
010600,웰바이오텍
010620,HD현대미포
010640,진양폴리
010660,화천기계
010690,화신
010770,평화홀딩스
010780,아이에스동서
010820,퍼스텍
010950,S-Oil
010955,S-Oil우
010960,삼호개발
011000,진원생명과학
011070,LG이노텍
011090,에넥스
011150,CJ씨푸드
011155,CJ씨푸드1우
011170,롯데케미칼
011200,HMM
011210,현대위아
011230,삼화전자
011280,태림포장
011300,성안머티리얼스
011330,유니켐
011390,부산산업
011420,갤럭시아에스엠
011500,한농화성
011690,와이투솔루션
011700,한신기계
011760,현대코퍼레이션
011780,금호석유
011785,금호석유우
011790,SKC
011810,STX
011930,신성이엔지
012030,DB
012160,영흥
012170,아센디오
012200,계양전기
012205,계양전기우
012280,영화금속
012320,경동인베스트
012330,현대모비스
012450,한화에어로스페이스
012510,더존비즈온
012600,청호ICT
012610,경인양행
012630,HDC
012690,모나리자
012750,에스원
012800,대창
013000,세우글로벌
013360,일성건설
013520,화승코퍼레이션
013570,디와이
013580,계룡건설
013700,까뮤이앤씨
013870,지엠비코리아
013890,지누스
014130,한익스프레스
014160,대영포장
014280,금강공업
014285,금강공업우
014440,영보화학
014530,극동유화
014580,태경비케이
014680,한솔케미칼
014710,사조씨푸드
014790,HL D&I
014820,동원시스템즈
014825,동원시스템즈우
014830,유니드
014910,성문전자
014915,성문전자우
014990,인디에프
015020,이스타코
015230,대창단조
015260,에이엔피
015360,예스코홀딩스
015590,KIB플러그에너지
015760,한국전력
015860,일진홀딩스
015890,태경산업
016090,대현
016360,삼성증권
016380,KG스틸
016450,한세예스24홀딩스
016580,환인제약
016590,신대양제지
016610,DB금융투자
016710,대성홀딩스
016740,두올
016800,퍼시스
016880,웅진
017040,광명전기
017180,명문제약
017370,우신시스템
017390,서울가스
017550,수산중공업
017670,SK텔레콤
017800,현대엘리베이
017810,풀무원
017860,DS단석
017900,광전자
017940,E1
017960,한국카본
018250,애경산업
018260,삼성에스디에스
018470,조일알미늄
018500,동원금속
018670,SK가스
018880,한온시스템
019170,신풍제약
019175,신풍제약우
019180,티에이치엔
019440,세아특수강
019490,하이트론
019680,대교
019685,대교우B
020000,한섬
020120,키다리스튜디오
020150,롯데에너지머티리얼즈
020560,아시아나항공
020760,일진디스플
021050,서원
021240,코웨이
021820,세원정공
022100,포스코DX
023000,삼원강재
023150,MH에탄올
023350,한국종합기술
023450,동남합성
023530,롯데쇼핑
023590,다우기술
023800,인지컨트롤스
023810,인팩
023960,에쓰씨엔지니어링
024070,WISCOM
024090,디씨엠
024110,기업은행
024720,콜마홀딩스
024890,대원화성
024900,덕양산업
025000,KPX케미칼
025530,SJM홀딩스
025540,한국단자
025560,미래산업
025620,제이준코스메틱
025750,한솔홈데코
025820,이구산업
025860,남해화학
025890,한국주강
026890,스틱인베스트먼트
026940,부국철강
026960,동서
027410,BGF
027740,마니커
027970,한국제지
028050,삼성E&A
028100,동아지질
028260,삼성물산
02826K,삼성물산우B
028670,팬오션
029460,케이씨
029530,신도리코
029780,삼성카드
030000,제일기획
030190,NICE평가정보
030200,KT
030210,다올투자증권
030610,교보증권
030720,동원수산
031430,신세계인터내셔날
031440,신세계푸드
031820,콤텍시스템
032350,롯데관광개발
032560,황금에스티
032640,LG유플러스
032830,삼성생명
033180,KH 필룩스
033240,자화전자
033250,체시스
033270,유나이티드제약
033530,SJG세종
033780,KT&G
033920,무학
034020,두산에너빌리티
034120,SBS
034220,LG디스플레이
034230,파라다이스
034300,신세계건설
034310,NICE
034590,인천도시가스
034730,SK
03473K,SK우
034830,한국토지신탁
035000,HS애드
035150,백산
035250,강원랜드
035420,NAVER
035510,신세계 I&C
035720,카카오
036420,콘텐트리중앙
036460,한국가스공사
036530,SNT홀딩스
036570,엔씨소프트
036580,팜스코
037270,YG PLUS
037560,LG헬로비전
037710,광주신세계
039130,하나투어
039490,키움증권
039570,HDC랩스
041650,상신브레이크
042660,한화오션
042670,HD현대인프라코어
042700,한미반도체
044380,주연테크
044450,KSS해운
044820,코스맥스비티아이
047040,대우건설
047050,포스코인터내셔널
047400,유니온머티리얼
047810,한국항공우주
049770,동원F&B
049800,우진플라임
051600,한전KPS
051630,진양화학
051900,LG생활건강
051905,LG생활건강우
051910,LG화학
051915,LG화학우
052690,한전기술
053210,스카이라이프
053690,한미글로벌
055490,테이팩스
055550,신한지주
057050,현대홈쇼핑
058430,포스코스틸리온
058650,세아홀딩스
058730,다스코
058850,KTcs
058860,KTis
060980,HL홀딩스
062040,산일전기
063160,종근당바이오
064350,현대로템
064960,SNT모티브
066570,LG전자
066575,LG전자우
066970,엘앤에프
067830,세이브존I&C
068270,셀트리온
068290,삼성출판사
069260,TKG휴켐스
069460,대호에이엘
069500,KODEX 200
069620,대웅제약
069640,한세엠케이
069660,KOSEF 200
069730,DSR제강
069960,현대백화점
070960,모나용평
071050,한국금융지주
071055,한국금융지주우
071090,하이스틸
071320,지역난방공사
071840,롯데하이마트
071950,코아스
071970,HD현대마린엔진
072130,유엔젤
072710,농심홀딩스
073240,금호타이어
074610,이엔플러스
075180,새론오토모티브
075580,세진중공업
077500,유니퀘스트
077970,STX엔진
078000,텔코웨어
078520,에이블씨엔씨
078930,GS
078935,GS우
079160,CJ CGV
079430,현대리바트
079550,LIG넥스원
079900,전진건설로봇
079980,휴비스
081000,일진다이아
081660,휠라홀딩스
082640,동양생명
082740,한화엔진
083420,그린케미칼
084010,대한제강
084670,동양고속
084680,이월드
084690,대상홀딩스
084695,대상홀딩스우
084870,TBH글로벌
085310,엔케이
085620,미래에셋생명
086280,현대글로비스
086790,하나금융지주
088260,이리츠코크렙
088350,한화생명
088790,진도
088980,맥쿼리인프라
089470,HDC현대EP
089590,제주항공
089860,롯데렌탈
090080,평화산업
090350,노루페인트
090355,노루페인트우
090370,메타랩스
090430,아모레퍼시픽
090435,아모레퍼시픽우
090460,비에이치
091090,세원이앤씨
091160,KODEX 반도체
091170,KODEX 은행
091180,KODEX 자동차
091220,TIGER 은행
091230,TIGER 반도체
091810,티웨이항공
092200,디아이씨
092220,KEC
092230,KPX홀딩스
092440,기신정기
092780,동양피스톤
092790,넥스틸
093050,LF
093230,이아이디
093240,형지엘리트
093370,후성
094280,효성ITX
094800,맵스리얼티1
095570,AJ네트웍스
095720,웅진씽크빅
096760,JW홀딩스
096770,SK이노베이션
096775,SK이노베이션우
097230,HJ중공업
097520,엠씨넥스
097950,CJ제일제당
097955,CJ제일제당 우
098560,TIGER 방송통신
099140,KODEX 차이나H
100090,SK오션플랜트
100220,비상교육
100250,진양홀딩스
100840,SNT에너지
100910,KOSEF KRX100
101140,인바이오젠
101280,KODEX 일본TOPIX100
101530,해태제과식품
102110,TIGER 200
102260,동성케미컬
102280,쌍방울
102460,이연제약
102780,KODEX 삼성그룹
102960,KODEX 기계장비
102970,KODEX 증권
103140,풍산
103590,일진전기
104520,KOSEF 블루칩
104530,KOSEF 고배당
104700,한국철강
105010,TIGER 라틴35
105190,ACE 200
105560,KB금융
105630,한세실업
105780,RISE 5대그룹주
105840,우진
107590,미원홀딩스
108320,LX세미콘
108450,ACE 삼성그룹섹터가중
108590,TREX 200
108670,LX하우시스
108675,LX하우시스우
109070,주성코퍼레이션
111110,호전실업
111380,동인기연
111770,영원무역
112610,씨에스윈드
114090,GKL
114100,RISE 국고채3년
114260,KODEX 국고채3년
114460,ACE 국고채3년
114470,KOSEF 국고채3년
114800,KODEX 인버스
114820,TIGER 국채3년
115390,락앤락
117460,KODEX 에너지화학
117580,대성에너지
117680,KODEX 철강
117690,TIGER 차이나항셍25
117700,KODEX 건설
118000,메타케어
119650,KC코트렐
120030,조선선재
120110,코오롱인더
120115,코오롱인더우
122090,PLUS 코스피50
122260,KOSEF 통안채1년
122630,KODEX 레버리지
122900,아이마켓코리아
123310,TIGER 인버스
123320,TIGER 레버리지
123690,한국화장품
123700,SJM
123890,한국자산신탁
126560,현대퓨처넷
126720,수산인더스트리
128820,대성산업
128940,한미약품
129260,인터지스
130660,한전산업
130680,TIGER 원유선물Enhanced(H)
130730,KOSEF 단기자금
131890,ACE 삼성그룹동일가중
132030,KODEX 골드선물(H)
133690,TIGER 미국나스닥100
133820,화인베스틸
134380,미원화학
134790,시디즈
136340,RISE 중기우량회사채
136490,선진
137310,에스디바이오센서
137610,TIGER 농산물선물Enhanced(H)
138040,메리츠금융지주
138230,KOSEF 미국달러선물
138490,코오롱ENP
138520,TIGER 삼성그룹펀더멘털
138530,TIGER LG그룹+펀더멘털
138540,TIGER 현대차그룹+펀더멘털
138910,KODEX 구리선물(H)
138920,KODEX 콩선물(H)
138930,BNK금융지주
139130,DGB금융지주
139220,TIGER 200 건설
139230,TIGER 200 중공업
139240,TIGER 200 철강소재
139250,TIGER 200 에너지화학
139260,TIGER 200 IT
139270,TIGER 200 금융
139280,TIGER 경기방어
139290,TIGER 200 경기소비재
139310,TIGER 금속선물(H)
139320,TIGER 금은선물(H)
139480,이마트
139660,KOSEF 미국달러선물인버스
139990,아주스틸
140570,RISE 수출주
140580,RISE 우량업종대표주
140700,KODEX 보험
140710,KODEX 운송
140910,에이리츠
140950,파워 코스피100
143210,핸즈코퍼레이션
143460,ACE 밸류대형
143850,TIGER 미국S&P500선물(H)
143860,TIGER 헬스케어
144600,KODEX 은선물(H)
145210,다이나믹디자인
145270,케이탑리츠
145670,ACE 인버스
145720,덴티움
145850,TREX 펀더멘탈 200
145990,삼양사
145995,삼양사우
147970,TIGER 모멘텀
148020,RISE 200
148070,KOSEF 국고채10년
150460,TIGER 중국소비테마
152100,PLUS 200
152380,KODEX 국채선물10년
152500,ACE 레버리지
152550,한국ANKOR유전
152870,파워 200
153130,KODEX 단기채권
153270,KOSEF 코스피100
155660,DSR
156080,KODEX MSCI Korea
157450,TIGER 단기통안채
157490,TIGER 소프트웨어
157500,TIGER 증권
159800,마이티 코스피100
160580,TIGER 구리실물
161000,애경케미칼
161390,한국타이어앤테크놀로지
161510,PLUS 고배당주
161890,한국콜마
163560,동일고무벨트
166400,TIGER 200커버드콜OTM
167860,KOSEF 국고채10년레버리지
168490,한국패러랠
168580,ACE 중국본토CSI300
169950,KODEX 차이나A50
170900,동아에스티
174350,TIGER 로우볼
174360,RISE 중국본토대형주CSI100
175330,JB금융지주
176950,KODEX 국채선물10년인버스
178920,PI첨단소재
180640,한진칼
18064K,한진칼우
181480,ACE 미국부동산리츠(합성 H)
181710,NHN
182480,TIGER 미국MSCI리츠(합성 H)
182490,TIGER 단기선진하이일드(합성 H)
183190,아세아시멘트
183700,RISE 채권혼합
183710,RISE 주식혼합
185680,KODEX 미국S&P바이오(합성)
185750,종근당
189400,PLUS 글로벌MSCI(합성 H)
190620,ACE 단기통안채
192080,더블유게임즈
192090,TIGER 차이나CSI300
192400,쿠쿠홀딩스
192650,드림텍
192720,파워 고배당저변동성
192820,코스맥스
194370,제이에스코퍼레이션
195870,해성디에스
195920,TIGER 일본TOPIX(합성 H)
195930,TIGER 유로스탁스50(합성 H)
195970,PLUS 선진국MSCI(합성 H)
195980,PLUS 신흥국MSCI(합성 H)
196030,ACE 일본TOPIX레버리지(H)
196230,RISE 단기통안채
200030,KODEX 미국S&P500산업재(합성)
200250,KOSEF 인도Nifty50(합성)
200880,서연이화
203780,TIGER 미국나스닥바이오
204210,스타에스엠리츠
204320,HL만도
204450,KODEX 차이나H레버리지(H)
204480,TIGER 차이나CSI300레버리지(합성)
205720,ACE 일본TOPIX인버스(합성 H)
207940,삼성바이오로직스
210540,디와이파워
210780,TIGER 코스피고배당
210980,SK디앤디
211560,TIGER 배당성장
211900,KODEX 배당성장
213500,한솔제지
213610,KODEX 삼성그룹밸류
213630,PLUS 미국다우존스고배당주(합성 H)
214320,이노션
214330,금호에이치티
214390,경보제약
214420,토니모리
214980,KODEX 단기채권PLUS
215620,HK S&P코리아로우볼
217770,TIGER 원유선물인버스(H)
217780,TIGER 차이나CSI300인버스(합성)
218420,KODEX 미국S&P500에너지(합성)
219390,RISE 미국S&P원유생산기업(합성 H)
219480,KODEX 미국S&P500선물(H)
219900,ACE 중국본토CSI300레버리지(합성)
220130,SOL 차이나강소기업CSI500(합성 H)
223190,KODEX 200가치저변동
225030,TIGER 미국S&P500선물인버스(H)
225040,TIGER 미국S&P500레버리지(합성 H)
225050,TIGER 유로스탁스레버리지(합성 H)
225060,TIGER 이머징마켓MSCI레버리지(합성 H)
225130,ACE 골드선물 레버리지(합성 H)
225800,KOSEF 미국달러선물레버리지
226320,잇츠한불
226380,ACE Fn성장소비주도주
226490,KODEX 코스피
226980,KODEX 200 중소형
227540,TIGER 200 헬스케어
227550,TIGER 200 산업재
227560,TIGER 200 생활소비재
227570,TIGER 우량가치
227830,PLUS 코스피
227840,현대코퍼레이션홀딩스
228790,TIGER 화장품
228800,TIGER 여행레저
228810,TIGER 미디어컨텐츠
228820,TIGER KTOP30
229200,KODEX 코스닥150
229640,LS에코에너지
229720,KODEX KTOP30
230480,KOSEF 미국달러선물인버스2X
232080,TIGER 코스닥150
233160,TIGER 코스닥150 레버리지
233740,KODEX 코스닥150레버리지
234080,JW생명과학
234310,RISE V&S셀렉트밸류
236350,TIGER 인도니프티50레버리지(합성)
237350,KODEX 코스피100
237370,KODEX 배당성장채권혼합
237440,TIGER 경기방어채권혼합
238670,PLUS 스마트베타Quality채권혼합
238720,ACE 일본Nikkei225(H)
239660,PLUS 우량회사채50
241180,TIGER 일본니케이225
241390,RISE V&S셀렉트밸류채권혼합
241560,두산밥캣
241590,화승엔터프라이즈
243880,TIGER 200IT레버리지
243890,TIGER 200에너지화학레버리지
244580,KODEX 바이오
244620,KODEX 모멘텀Plus
244660,KODEX 퀄리티Plus
244670,KODEX 밸류Plus
244920,에이플러스에셋
245340,TIGER 미국다우존스30
245350,TIGER 유로스탁스배당30
245360,TIGER 차이나HSCEI
245710,ACE 베트남VN30(합성)
248070,솔루엠
248170,샘표식품
248270,TIGER S&P글로벌헬스케어(합성)
249420,일동제약
250730,RISE 차이나HSCEI(H)
250780,TIGER 코스닥150선물인버스
251270,넷마블
251340,KODEX 코스닥150선물인버스
251350,KODEX 선진국MSCI World
251590,PLUS 고배당저변동50
251600,PLUS 고배당주채권혼합
252000,TIGER 200동일가중
252400,RISE 200선물레버리지
252410,RISE 200선물인버스
252420,RISE 200선물인버스2X
252650,KODEX 200동일가중
252670,KODEX 200선물인버스2X
252710,TIGER 200선물인버스2X
253150,PLUS 200선물레버리지
253160,PLUS 200선물인버스2X
253230,KOSEF 200선물인버스2X
253240,KOSEF 200선물인버스
253250,KOSEF 200선물레버리지
253280,RISE 헬스케어
253290,RISE 헬스케어채권혼합
256440,ACE 인도네시아MSCI(합성)
256450,PLUS 심천차이넥스트(합성)
256750,KODEX 차이나심천ChiNext(합성)
259960,크래프톤
261060,TIGER 코스닥150IT
261070,TIGER 코스닥150바이오테크
261110,TIGER 미국달러선물레버리지
261120,TIGER 미국달러선물인버스2X
261140,TIGER 우선주
261220,KODEX WTI원유선물(H)
261240,KODEX 미국달러선물
261250,KODEX 미국달러선물레버리지
261260,KODEX 미국달러선물인버스2X
261270,KODEX 미국달러선물인버스
261920,ACE 필리핀MSCI(합성)
264900,크라운제과
26490K,크라운제과우
265690,ACE 러시아MSCI(합성)
266160,RISE 고배당
266360,KODEX 미디어&엔터테인먼트
266370,KODEX IT
266390,KODEX 경기소비재
266410,KODEX 필수소비재
266420,KODEX 헬스케어
266550,PLUS 중형주저변동50
267250,HD현대
267260,HD현대일렉트릭
267270,HD현대건설기계
267290,경동도시가스
267440,RISE 미국장기국채선물(H)
267450,RISE 미국장기국채선물인버스(H)
267490,RISE 미국장기국채선물레버리지(합성 H)
267770,TIGER 200선물레버리지
267850,아시아나IDT
268280,미원에스씨
269370,TIGER S&P글로벌인프라(합성)
269420,KODEX S&P글로벌인프라(합성)
269530,PLUS S&P글로벌인프라
269540,PLUS 미국S&P500(H)
270800,RISE KQ고배당
270810,RISE 코스닥150
271050,KODEX WTI원유선물인버스(H)
271060,KODEX 3대농산물선물(H)
271560,오리온
271940,일진하이솔루스
271980,제일약품
272210,한화시스템
272450,진에어
272550,삼양패키징
272560,RISE 단기국공채액티브
272570,RISE 중장기국공채액티브
272580,TIGER 단기채권액티브
272910,ACE 중장기국공채액티브
273130,KODEX 종합채권(AA-이상)액티브
273140,KODEX 단기변동금리부채권액티브
275280,KODEX MSCI모멘텀
275290,KODEX MSCI밸류
275300,KODEX MSCI퀄리티
275750,RISE 코스닥150선물인버스
275980,TIGER 글로벌4차산업혁신기술(합성 H)
276000,TIGER 글로벌자원생산기업(합성 H)
276650,RISE 글로벌테크놀로지(합성 H)
276970,KODEX 미국S&P500배당귀족커버드콜(합성 H)
276990,KODEX 글로벌로봇(합성)
277540,ACE 아시아TOP50S&P
277630,TIGER 코스피
277640,TIGER 코스피대형주
277650,TIGER 코스피중형주
278240,RISE 코스닥150선물레버리지
278470,에이피알
278530,KODEX 200TR
278540,KODEX MSCI Korea TR
278620,PLUS 단기채권액티브
279530,KODEX 고배당
279540,KODEX 최소변동성
280320,ACE 미국IT인터넷S&P(합성 H)
280360,롯데웰푸드
280920,PLUS 주도업종
280930,KODEX 미국러셀2000(H)
280940,KODEX 골드선물인버스(H)
281820,케이씨텍
281990,RISE 중소형고배당
282000,RISE 국고채3년선물인버스
282330,BGF리테일
283580,KODEX 차이나CSI300
284430,KODEX 200미국채혼합
284740,쿠쿠홈시스
284980,RISE 200금융
285130,SK케미칼
28513K,SK케미칼우
285690,FOCUS ESG리더스
286940,롯데이노베이트
287180,PLUS 미국나스닥테크
289040,KODEX MSCI KOREA ESG유니버설
289250,TIGER MSCI KOREA ESG유니버설
289260,TIGER MSCI KOREA ESG리더스
289480,TIGER 200커버드콜
289670,PLUS 국채선물10년
290080,RISE 200고배당커버드콜ATM
290130,RISE ESG사회책임투자
291130,ACE 멕시코MSCI(합성)
291620,KOSEF 코스닥150선물인버스
291630,KOSEF 코스닥150선물레버리지
291680,RISE 차이나H선물인버스(H)
291890,KODEX MSCI EM선물(H)
292050,RISE KRX300
292150,TIGER TOP10
292160,TIGER KRX300
292190,KODEX KRX300
292500,SOL KRX300
292560,TIGER 일본엔선물
292730,FOCUS KRX300
292770,KODEX 국채선물3년인버스
293180,HANARO 200
293480,하나제약
293940,신한알파리츠
294400,KOSEF 200TR
294870,HDC현대산업개발
295000,RISE 국채선물10년
295020,RISE 국채선물10년인버스
295040,SOL 200TR
298000,효성화학
298020,효성티앤씨
298040,효성중공업
298050,HS효성첨단소재
298340,PLUS 국채선물3년
298690,에어부산
298770,KODEX 한국대만IT프리미어
300610,TIGER K게임
300640,RISE 게임테마
300720,한일시멘트
300950,KODEX 게임산업
301400,PLUS 코스닥150
301410,PLUS 코스닥150선물인버스
302190,TIGER 중장기국채
302440,SK바이오사이언스
302450,RISE 코스피
304660,KODEX 미국30년국채울트라선물(H)
304670,KODEX 미국30년국채울트라선물인버스(H)
304760,HANARO KRX300
304770,HANARO 코스닥150
304780,HANARO 200선물레버리지
304940,KODEX 미국나스닥100선물(H)
305050,ACE 코스피
305080,TIGER 미국채10년선물
305540,TIGER 2차전지테마
305720,KODEX 2차전지산업
306200,세아제강
306520,HANARO 200선물인버스
306530,HANARO 코스닥150선물레버리지
306950,KODEX KRX300레버리지
307510,TIGER 의료기기
307520,TIGER 지주회사
307950,현대오토에버
308170,씨티알모빌리티
308620,KODEX 미국10년국채선물
309230,ACE 미국WideMoat동일가중
310080,RISE 중국MSCI China(H)
310960,TIGER 200TR
310970,TIGER MSCI Korea TR
314250,KODEX 미국빅테크10(H)
314700,HANARO 농업융복합산업
315270,TIGER 200커뮤니케이션서비스
315930,KODEX Top5PlusTR
315960,RISE 대형고배당10TR
316140,우리금융지주
316300,ACE 싱가포르리츠
316670,KOSEF 코스닥150
317400,자이에스앤디
319640,TIGER 골드선물(H)
321410,KODEX 멀티에셋하이인컴(H)
322000,HD현대에너지솔루션
322400,HANARO e커머스
322410,HANARO 고배당
323410,카카오뱅크
325010,KODEX 성장주
325020,KODEX 배당가치
326030,SK바이오팜
326230,RISE 내수주플러스
326240,RISE IT플러스
328370,PLUS 코스피TR
329180,HD현대중공업
329200,TIGER 리츠부동산인프라
329650,KODEX TRF3070
329660,KODEX TRF5050
329670,KODEX TRF7030
329750,TIGER 미국달러단기채권액티브
330590,롯데리츠
332500,ACE 200TR
332610,PLUS 미국단기회사채(AAA~A)
332620,PLUS 미국장기우량회사채
332930,HANARO 200TR
332940,HANARO MSCI Korea TR
334690,RISE 팔라듐선물(H)
334700,RISE 팔라듐선물인버스(H)
334890,이지스밸류리츠
336160,RISE 금융채액티브
336260,두산퓨얼셀
33626K,두산퓨얼셀1우
33626L,두산퓨얼셀2우B
336370,솔루스첨단소재
33637K,솔루스첨단소재1우
33637L,솔루스첨단소재2우B
337120,KODEX 멀티팩터
337140,KODEX 코스피대형주
337150,KODEX 200exTOP
337160,KODEX 200ESG
338100,NH프라임리츠
339770,교촌에프앤비
341850,TIGER 리츠부동산인프라채권TR KIS
344820,KCC글라스
346000,HANARO KAP초장기국고채
348950,제이알글로벌리츠
350520,이지스레지던스리츠
352540,KODEX 일본부동산리츠(H)
352560,KODEX 미국부동산리츠(H)
352820,하이브
353200,대덕전자
35320K,대덕전자1우
354240,RISE 미국고정배당우선증권 TR
354350,HANARO 글로벌럭셔리S&P(합성)
354500,ACE 코스닥150
356540,ACE 종합채권(AA-이상)KIS액티브
357120,코람코라이프인프라리츠
357250,미래에셋맵스리츠
357430,마스턴프리미어리츠
357870,TIGER CD금리투자KIS(합성)
359210,KODEX 코스피TR
360140,KODEX 200롱코스닥150숏선물
360150,KODEX 코스닥150롱코스피200숏선물
360200,ACE 미국S&P500
360750,TIGER 미국S&P500
361580,RISE 200TR
361610,SK아이이테크놀로지
363280,티와이홀딩스
36328K,티와이홀딩스우
363510,SOL KIS단기통안채
363570,KODEX 장기종합채권(AA-이상)액티브
363580,KODEX 200IT TR
364690,KODEX 혁신기술테마액티브
364960,TIGER BBIG
364970,TIGER 바이오TOP10
364980,TIGER 2차전지TOP10
364990,TIGER 게임TOP10
365000,TIGER 인터넷TOP10
365040,TIGER AI코리아그로스액티브
365550,ESR켄달스퀘어리츠
365780,ACE 국고채10년
367380,ACE 미국나스닥100
367740,HANARO Fn5G산업
367760,RISE 5G테크
367770,RISE 수소경제테마
368190,HANARO Fn K-뉴딜디지털플러스
368590,RISE 미국나스닥100
368680,KODEX K-뉴딜디지털플러스
371130,ACE 베트남VN30선물블룸버그레버리지(H)
371150,RISE 차이나항셍테크
371160,TIGER 차이나항셍테크
371450,TIGER 글로벌클라우드컴퓨팅INDXX
371460,TIGER 차이나전기차SOLACTIVE
371470,TIGER 차이나바이오테크SOLACTIVE
371870,ACE 차이나항셍테크
372330,KODEX 차이나항셍테크
372910,한컴라이프케어
373220,LG에너지솔루션
373490,KODEX K-이노베이션액티브
373530,PLUS 신흥국MSCI인버스(합성 H)
373790,KOSEF 미국방어배당성장나스닥
375270,RISE 글로벌데이터센터리츠(합성)
375500,DL이앤씨
37550K,DL이앤씨우
37550L,DL이앤씨2우(전환)
375760,HANARO 탄소효율그린뉴딜
375770,KODEX 탄소효율그린뉴딜
376410,TIGER 탄소효율그린뉴딜
377190,디앤디플랫폼리츠
377300,카카오페이
377740,바이오노트
377990,TIGER Fn신재생에너지
378850,화승알앤에이
379780,RISE 미국S&P500
379790,RISE 유로스탁스50(H)
379800,KODEX 미국S&P500TR
379810,KODEX 미국나스닥100TR
380340,ACE Fn5G플러스
381170,TIGER 미국테크TOP10 INDXX
381180,TIGER 미국필라델피아반도체나스닥
381560,HANARO Fn전기&수소차
381570,HANARO Fn친환경에너지
381970,케이카
383220,F&F
383800,LX홀딩스
38380K,LX홀딩스1우
385510,KODEX K-신재생에너지액티브
385520,KODEX K-미래차액티브
385540,RISE 종합채권(A-이상)액티브
385550,RISE 단기종합채권(AA-이상)액티브
385560,RISE KIS국고채30년Enhanced
385590,ACE ESG액티브
385600,ACE 2차전지&친환경차액티브
385710,TIMEFOLIO K이노베이션액티브
385720,TIMEFOLIO 코스피액티브
387270,TIGER 글로벌이노베이션액티브
387280,TIGER 퓨처모빌리티액티브
388280,RISE 컨택트대표
388420,RISE 비메모리반도체액티브
390390,KODEX 미국반도체MV
390400,KODEX 미국스마트모빌리티S&P
390950,HANARO 단기채권액티브
391600,ACE 미국친환경그린테마INDXX
391670,HK 베스트일레븐액티브
391680,HK 하이볼액티브
394350,KOSEF 글로벌퓨처모빌리티
394660,TIGER 글로벌자율주행&전기차SOLACTIVE
394670,TIGER 글로벌리튬&2차전지SOLACTIVE(합성)
395150,KODEX 웹툰&드라마
395160,KODEX 시스템반도체
395170,KODEX Top10동일가중
395270,HANARO Fn K-반도체
395280,HANARO Fn K-게임
395290,HANARO Fn K-POP&미디어
395400,SK리츠
395750,PLUS ESG가치주액티브
395760,PLUS ESG성장주액티브
396500,TIGER Fn반도체TOP10
396510,TIGER 차이나클린에너지SOLACTIVE
396520,TIGER 차이나반도체FACTSET
396690,미래에셋글로벌리츠
397410,RISE 국채선물5년추종인버스
397420,RISE 국채선물5년추종
399110,SOL 미국S&P500ESG
399580,RISE 글로벌클린에너지
400570,KODEX 유럽탄소배출권선물ICE(H)
400580,SOL 유럽탄소배출권선물S&P(H)
400590,SOL 글로벌탄소배출권선물ICE(합성)
400760,NH올원리츠
400970,TIGER Fn메타버스
401170,RISE 메타버스
401470,KODEX K-메타버스액티브
401590,HANARO 글로벌탄소배출권선물ICE(합성)
402340,SK스퀘어
402460,HANARO Fn K-메타버스MZ
402970,ACE 미국배당다우존스
403550,쏘카
403790,마이다스 코스피액티브
404120,TIMEFOLIO K신재생에너지액티브
404260,KODEX 기후변화솔루션
404540,TIGER KRX기후변화솔루션
404650,SOL KRX기후변화솔루션
404990,신한서부티엔디리츠
407160,KCGI 테크미디어텔레콤액티브
407170,KCGI 스마트커머스액티브
407300,HANARO Fn골프테마
407310,HANARO 200 TOP10
407820,에셋플러스 코리아플랫폼액티브
407830,에셋플러스 글로벌플랫폼액티브
409810,KODEX 미국나스닥100선물인버스(H)
409820,KODEX 미국나스닥100레버리지(합성 H)
410870,TIMEFOLIO K컬처액티브
411050,ACE 글로벌메타버스테크액티브
411060,ACE KRX금현물
411420,KODEX 미국메타버스나스닥액티브
411540,SOL 200 Top10
411720,RISE 글로벌메타버스
411860,KOSEF 독일DAX
412560,TIGER BBIG레버리지
412570,TIGER 2차전지TOP10레버리지
412770,TIGER 글로벌메타버스액티브
413220,SOL 차이나태양광CSI(합성)
413930,WON AI ESG액티브
414270,ACE G2전기차&자율주행액티브
414780,TIGER 차이나과창판STAR50(합성)
415340,KODEX 차이나과창판STAR50(합성)
415760,SOL 차이나육성산업액티브(합성)
415920,PLUS 글로벌희토류&전략자원생산기업
416090,ACE 중국과창판STAR50
417310,코람코더원리츠
417450,RISE 글로벌수소경제
417630,TIGER KEDI혁신기업ESG30
418660,TIGER 미국나스닥100레버리지(합성)
418670,TIGER 글로벌사이버보안INDXX
419170,HANARO 미국메타버스iSelect
419420,KODEX 미국클린에너지나스닥
419430,KODEX 차이나2차전지MSCI(합성)
419650,PLUS 글로벌수소&차세대연료전지
419890,히어로즈 단기채권ESG액티브
421320,PLUS 우주항공&UAM
422260,VITA MZ소비액티브
422420,RISE 2차전지액티브
423160,KODEX KOFR금리액티브(합성)
423170,SOL 한국형글로벌반도체액티브
423920,TIGER 미국필라델피아반도체레버리지(합성)
424460,HANARO 글로벌워터MSCI(합성)
426020,TIMEFOLIO 미국S&P500액티브
426030,TIMEFOLIO 미국나스닥100액티브
426150,WON 대한민국국고채액티브
426330,KOSEF 미국ETF산업STOXX
426410,PLUS 미국대체투자Top10
427110,RISE 창업투자회사
427120,RISE 플랫폼테마
428510,KODEX 차이나메타버스액티브
428560,KODEX 미국ETF산업Top10 Indxx
429000,TIGER 미국S&P500배당귀족
429010,TIGER 미국나스닥넥스트100
429740,PLUS K리츠
429760,PLUS 미국S&P500
429870,히어로즈 리츠이지스액티브
429980,SOL 한국형글로벌전기차&2차전지액티브
429990,SOL 한국형글로벌플랫폼&메타버스액티브
430500,KOSEF 물가채KIS
432320,KB스타리츠
432600,RISE 국채선물3년
432840,HANARO 미국S&P500
432850,HANARO 글로벌백신치료제MSCI
433220,에셋플러스 글로벌대장장이액티브
433250,UNICORN R&D 액티브
433330,SOL 미국S&P500
433500,ACE 원자력테마딥서치
433850,PLUS TDF2030액티브
433860,PLUS TDF2040액티브
433870,PLUS TDF2050액티브
433880,PLUS TDF2060액티브
433970,KODEX TDF2030액티브
433980,KODEX TDF2040액티브
434060,KODEX TDF2050액티브
434730,HANARO 원자력iSelect
434960,DAISHIN343 K200
435040,ACE 글로벌브랜드TOP10블룸버그
435420,TIGER 미국나스닥100TR채권혼합Fn
435530,히어로즈 TDF2030액티브
435540,히어로즈 TDF2040액티브
435550,히어로즈 TDF2050액티브
436140,SOL 종합채권(AA-이상)액티브
437070,KODEX 아시아달러채권ESG플러스액티브
437080,KODEX 미국종합채권ESG액티브(H)
437350,RISE 미국단기투자등급회사채액티브
437370,RISE 글로벌농업경제
437550,히어로즈 글로벌리츠이지스액티브
438080,ACE 미국S&P500채권혼합액티브
438100,ACE 미국나스닥100채권혼합액티브
438210,PLUS 글로벌AI
438320,TIGER 차이나항셍테크레버리지(합성 H)
438330,TIGER 투자등급회사채액티브
438560,SOL 국고채3년
438570,SOL 국고채10년
438740,마이다스 중소형액티브
438900,HANARO Fn K-푸드
439860,KODEX ESG종합채권(A-이상)액티브
439870,KODEX 국고채30년액티브
440340,TIGER 글로벌멀티에셋TIF액티브
440640,ACE 단기채권알파액티브
440650,ACE 미국달러단기채권액티브
440910,WON 미국우주항공방산
441330,KOSEF 차이나A50커넥트MSCI
441540,HANARO Fn조선해운
441640,KODEX 미국배당커버드콜액티브
441680,TIGER 미국나스닥100커버드콜(합성)
441800,TIMEFOLIO Korea플러스배당액티브
442090,에셋플러스 코리아대장장이액티브
442260,마이티 다이나믹퀀트액티브
442320,RISE 글로벌원자력
442550,RISE TDF2030액티브
442560,RISE TDF2040액티브
442570,RISE TDF2050액티브
442580,PLUS 글로벌HBM반도체
443060,HD현대마린솔루션
444200,SOL KEDI메가테크액티브
444490,WON 미국S&P500
445150,KODEX K-친환경조선해운액티브
445290,KODEX K-로봇액티브
445690,BNK 주주가치액티브
445910,TIGER MKF배당귀족
446070,유니드비티플러스
446690,KODEX 아시아AI반도체exChina액티브
446700,RISE 배터리 리사이클링
446720,SOL 미국배당다우존스
446770,ACE 글로벌반도체TOP4 Plus SOLACTIVE
447430,ACE 주주환원가치주액티브
447620,SOL 미국TOP5채권혼합40 Solactive
447660,PLUS 애플채권혼합
447770,TIGER 테슬라채권혼합Fn
448100,WON 200
448290,TIGER 미국S&P500TR(H)
448300,TIGER 미국나스닥100TR(H)
448330,KODEX 삼성전자채권혼합
448490,HANARO 32-10 국고채액티브
448510,HANARO 글로벌신재생에너지MSCI(합성)
448540,ACE 엔비디아채권혼합블룸버그
448570,FOCUS AI코리아액티브
448600,RISE 25-11 회사채(AA-이상)액티브
448630,RISE 삼성그룹Top3채권혼합
448730,삼성FN리츠
448880,ACE 24-12 회사채(AA-이상)액티브
449170,TIGER KOFR금리액티브(합성)
449180,KODEX 미국S&P500(H)
449190,KODEX 미국나스닥100(H)
449450,PLUS K방산
449580,RISE 미국빅데이터Top3채권혼합
449680,TIGER 한중전기차(합성)
449690,TIGER 한중반도체(합성)
449770,KOSEF 미국S&P500
449780,KOSEF 미국S&P500(H)
450080,에코프로머티
450120,KOSEF SK그룹대표주
450140,코오롱모빌리티그룹
45014K,코오롱모빌리티그룹우
450180,KODEX 한중전기차(합성)
450190,KODEX 한중반도체(합성)
450910,SOL 코스닥150
451000,PLUS 종합채권(AA-이상)액티브
451060,1Q K200액티브
451150,에셋플러스 글로벌영에이지액티브
451530,TIGER 국고채30년스트립액티브
451540,TIGER 종합채권(AA-이상)액티브
451600,PLUS 국고채30년액티브
451670,RISE 국채30년레버리지(합성)
451800,한화리츠
452250,ACE 미국30년국채선물레버리지(합성 H)
452260,한화갤러리아
45226K,한화갤러리아우
452360,SOL 미국배당다우존스(H)
452440,VITA 밸류알파액티브
453010,PLUS KOFR금리
453060,HANARO KOFR금리액티브(합성)
453080,KOSEF 미국나스닥100(H)
453330,RISE 미국S&P500(H)
453340,현대그린푸드
453540,TIGER 25-10 회사채(A+이상)액티브
453630,KODEX 미국S&P500필수소비재
453640,KODEX 미국S&P500헬스케어
453650,KODEX 미국S&P500금융
453660,KODEX 미국S&P500경기소비재
453810,KODEX 인도Nifty50
453820,KODEX 인도Nifty50레버리지(합성)
453850,ACE 미국30년국채액티브(H)
453870,TIGER 인도니프티50
453950,TIGER TSMC파운드리밸류체인
454180,KOSEF 차이나내수소비TOP CSI
454320,HANARO CAPEX설비투자iSelect
454780,히어로즈 종합채권(AA-이상)액티브
454910,두산로보틱스
455030,KODEX 미국달러SOFR금리액티브(합성)
455660,ACE 미국하이일드액티브(H)
455850,SOL AI반도체소부장
455860,SOL 2차전지소부장Fn
455890,RISE 머니마켓액티브
455960,RISE 미국달러SOFR금리액티브(합성)
456040,OCI
456100,HANARO 유로존국채25년플러스(합성 H)
456200,PLUS 미국달러SOFR금리액티브(합성)
456250,KODEX 유럽명품TOP10 STOXX
456600,TIMEFOLIO 글로벌AI인공지능액티브
456610,TIGER 미국달러SOFR금리액티브(합성)
456680,TIGER 차이나전기차레버리지(합성)
456880,ACE 미국달러SOFR금리(합성)
457190,이수스페셜티케미컬
457480,ACE 테슬라밸류체인액티브
457690,KODEX 33-06 국고채액티브
457700,KODEX 53-09 국고채액티브
457930,BNK 미래전략기술액티브
457990,PLUS 태양광&ESS
458030,WON 단기국공채액티브
458210,히어로즈 CD금리액티브(합성)
458250,TIGER 미국30년국채스트립액티브(합성 H)
458260,TIGER 미국투자등급회사채액티브(H)
458730,TIGER 미국배당다우존스
458750,TIGER 미국배당다우존스타겟커버드콜1호
458760,TIGER 미국배당다우존스타겟커버드콜2호
459370,SOL 유럽탄소배출권선물인버스ICE(H)
459560,KODEX 테슬라밸류체인FactSet
459580,KODEX CD금리액티브(합성)
459750,RISE 글로벌주식분산액티브
459790,히어로즈 미국성장기업30액티브
460270,히어로즈 미국달러SOFR금리액티브(합성)
460280,KOSEF Fn유전자혁신기술
460660,RISE 미국S&P배당킹
460850,동국씨엠
460860,동국제강
460960,ACE 글로벌인컴TOP10 SOLACTIVE
461260,ACE 25-06 회사채(AA-이상)액티브
461270,ACE 26-06 회사채(AA-이상)액티브
461340,HANARO 글로벌생성형AI액티브
461450,KODEX 코스닥글로벌
461460,PLUS 국고채10년액티브
461490,RISE 글로벌자산배분액티브
461500,HANARO 종합채권(AA-이상)액티브
461580,TIGER 코스닥글로벌
461600,SOL 미국30년국채액티브(H)
461900,PLUS 미국테크TOP10
461910,PLUS 미국테크TOP10레버리지(합성)
461950,KODEX 2차전지핵심소재10
462010,TIGER 2차전지소재Fn
462330,KODEX 2차전지산업레버리지
462340,에셋플러스 글로벌다이나믹시니어액티브
462520,조선내화
462540,SOL 25-09 회사채(AA-이상)액티브
462870,시프트업
462900,KoAct 바이오헬스케어액티브
463050,TIMEFOLIO K바이오액티브
463250,TIGER 우주방산
463290,1Q 단기금융채액티브
463300,RISE 중국본토CSI300
463640,KODEX 미국S&P500유틸리티
463680,KODEX 미국S&P500테크놀로지
463690,KODEX 미국S&P500커뮤니케이션
464060,HANARO 글로벌반도체TOP10 SOLACTIVE
464240,히어로즈 26-09 회사채(AA-이상)액티브
464310,TIGER 글로벌AI&로보틱스 INDXX
464470,PLUS 미국채30년액티브
464540,RISE 25-03 회사채(AA-이상)액티브
464600,SOL 자동차소부장Fn
464610,SOL 의료기기소부장Fn
464920,PLUS 일본반도체소부장
464930,TIGER 글로벌혁신블루칩TOP10
465330,RISE 2차전지TOP10
465350,RISE 2차전지TOP10인버스(합성)
465580,ACE 미국빅테크TOP7 Plus
465610,ACE 미국빅테크TOP7 Plus레버리지(합성)
465620,ACE 미국빅테크TOP7 Plus인버스(합성)
465660,TIGER 일본반도체FACTSET
465670,TIGER 미국캐시카우100
465680,KODEX 24-12 은행채(AA+이상)액티브
465770,STX그린로지스
465780,마이티 26-09 특수채(AAA)액티브
466400,1Q 25-08 회사채(A+이상)액티브
466810,BNK 2차전지양극재
466920,SOL 조선TOP3플러스
466930,SOL 자동차TOP3플러스
466940,TIGER 은행고배당플러스TOP10
466950,TIGER 글로벌AI액티브
467540,KOSEF 코스닥글로벌
467620,히어로즈 25-09 미국채권(AA-이상)액티브
467940,KODEX 25-11 회사채(A+이상)액티브
468370,KODEX iShares미국인플레이션국채액티브
468380,KODEX iShares미국하이일드액티브
468630,KODEX iShares미국투자등급회사채액티브
468820,WON 25-09 회사채(AA-이상)액티브
469050,RISE 미국반도체NYSE(H)
469060,RISE 미국반도체NYSE
469070,RISE AI&로봇
469150,ACE AI반도체포커스
469160,ACE 일본반도체
469170,ACE 포스코그룹포커스
469530,RISE 미국달러선물인버스
469580,RISE KP달러채권액티브
469790,KOSEF K-테크TOP10
469820,SOL 24-12 회사채(AA-이상)액티브
469830,SOL 초단기채권액티브
470260,TIGER 24-12 금융채(AA-이상)
470310,UNICORN 생성형AI강소기업액티브
470320,BNK 24-11 회사채(AA-이상)액티브
471040,KoAct 글로벌AI&로봇액티브
471230,KODEX 국고채10년액티브
471290,HANARO CD금리액티브(합성)
471460,히어로즈 국고채30년액티브
471760,TIGER AI반도체핵심공정
471780,TIGER 코리아테크액티브
471990,KODEX AI반도체핵심장비
472150,TIGER 배당커버드콜액티브
472160,TIGER 미국테크TOP10 INDXX(H)
472170,TIGER 미국테크TOP10채권혼합
472350,1Q 차이나H(H)
472490,HANARO 미국애그테크
472720,TRUSTON 주주가치액티브
472830,RISE 미국30년국채커버드콜(합성)
472840,ITF 200
472870,RISE 미국30년국채엔화노출(합성 H)
472920,HK 종합채권(AA-이상)액티브
473290,KODEX 26-12 회사채(AA-이상)액티브
473330,SOL 미국30년국채커버드콜(합성)
473380,HANARO K-메디테크
473440,ACE 11월만기자동연장회사채AA-이상액티브
473460,KODEX 미국서학개미
473490,KOSEF 글로벌AI반도체
473500,KOSEF 글로벌전력반도체
473590,ACE 미국주식베스트셀러
473640,HANARO 글로벌금채굴기업
474220,TIGER 미국테크TOP10타겟커버드콜
474390,SOL 국고채30년액티브
474590,WON 반도체밸류체인액티브
474800,KOSEF 미국원유에너지기업
474920,에셋플러스 차이나일등기업포커스10액티브
475050,ACE KPOP포커스
475070,KoAct 글로벌기후테크인프라액티브
475080,KODEX 테슬라커버드콜채권혼합액티브
475150,SK이터닉스
475260,ACE 2월만기자동연장회사채AA-이상액티브
475270,ACE 5월만기자동연장회사채AA-이상액티브
475280,ACE 8월만기자동연장회사채AA-이상액티브
475300,SOL 반도체전공정
475310,SOL 반도체후공정
475350,RISE 버크셔포트폴리오TOP10
475380,RISE 글로벌리얼티인컴
475560,더본코리아
475630,TIGER CD1년금리액티브(합성)
475720,RISE 200위클리커버드콜
476000,UNICORN 포스트IPO액티브
476030,SOL 미국나스닥100
476070,KODEX 글로벌비만치료제TOP2 Plus
476260,HANARO 반도체핵심공정주도주
476310,RISE 글로벌비만산업TOP2+
476450,히어로즈 머니마켓액티브
476550,TIGER 미국30년국채커버드콜액티브(H)
476690,TIGER 글로벌비만치료제TOP2Plus
476750,ACE 미국30년국채엔화노출액티브(H)
476760,ACE 미국30년국채액티브
476800,KODEX 한국부동산리츠인프라
476810,KODEX 25-11 은행채(AA-이상)PLUS액티브
476850,KoAct 배당성장액티브
477050,PLUS 머니마켓액티브
477080,RISE CD금리액티브(합성)
477490,에셋플러스 글로벌일등기업포커스10액티브
477730,KODEX 인도타타그룹
478150,TIMEFOLIO 글로벌우주테크&방산액티브
479080,1Q 머니마켓액티브
479520,RISE KOFR금리액티브(합성)
479620,SOL 미국AI반도체칩메이커
479730,TIGER 인도빌리언컨슈머
479850,HANARO K-뷰티
480020,ACE 미국빅테크7+데일리타겟커버드콜(합성)
480030,ACE 미국500데일리타겟커버드콜(합성)
480040,ACE 미국반도체데일리타겟커버드콜(합성)
480260,TIGER 27-04회사채(A+이상)액티브
480310,TIGER 글로벌온디바이스AI
480460,WON 한국부동산TOP3플러스
481050,KODEX 1년은행양도성예금증서+액티브(합성)
481060,KODEX 미국30년국채타겟커버드콜(합성 H)
481180,SOL 미국AI소프트웨어
481190,SOL 미국테크TOP10
481200,SOL 미국테크TOP10인버스(합성)
481340,RISE 미국30년국채액티브
481430,RISE 국고채10년액티브
481850,신한글로벌액티브리츠
482030,KoAct 테크핵심소재공급망액티브
482730,TIGER 미국S&P500타겟데일리커버드콜
482870,HANARO 주주가치성장코리아액티브
483020,KOSEF 의료AI
483030,KOSEF 미국블록버스터바이오테크의약품+
483230,RISE 25-06 은행채(AA+이상)액티브
483280,KODEX 미국AI테크TOP10타겟커버드콜
483290,KODEX 미국배당다우존스타겟커버드콜
483320,ACE 엔비디아밸류체인액티브
483330,ACE 마이크로소프트밸류체인액티브
483340,ACE 구글밸류체인액티브
483420,ACE 애플밸류체인액티브
483570,KCGI 미국S&P500 TOP10
484790,KODEX 미국30년국채액티브(H)
484880,SOL 금융지주플러스고배당
484890,SOL 머니마켓액티브
485540,KODEX 미국AI테크TOP10
485690,RISE 미국AI밸류체인TOP3Plus
485810,TIMEFOLIO 글로벌안티에이징바이오액티브
486240,DAISHIN343 AI반도체&인프라액티브
486290,TIGER 미국나스닥100타겟데일리커버드콜
486450,SOL 미국AI전력인프라
486780,HANARO 200선물레버리지1.5X
486790,HANARO 코스닥150선물레버리지1.5X
486830,HANARO 머니마켓액티브
487130,KoAct AI인프라액티브
487230,KODEX 미국AI전력핵심인프라
487240,KODEX AI전력핵심설비
487340,ACE CD금리&초단기채권액티브
487570,HS효성
487750,BNK 온디바이스AI
487910,ACE 인도컨슈머파워액티브
487920,ACE 인도시장대표BIG5그룹액티브
487950,KODEX 대만테크고배당다우존스
488080,TIGER 반도체TOP10레버리지
488200,KOSEF K-2차전지북미공급망
488210,KOSEF K-반도체북미공급망
488290,마이다스 일본테크액티브
488480,RISE 일본섹터TOP4Plus
488500,TIGER 미국S&P500동일가중
488720,WON 종합채권(AA-이상)액티브
488770,KODEX 머니마켓액티브
488980,SOL 26-12 회사채(AA-이상)액티브
489000,PLUS 일본엔화초단기국채(합성)
489010,PLUS 글로벌AI인프라
489030,PLUS 고배당주위클리커버드콜
489250,KODEX 미국배당다우존스
489290,WON 미국빌리어네어
489570,HANARO 25-12 은행채(AA+이상)액티브
489790,한화인더스트리얼솔루션즈
489860,KOSEF 글로벌전력GRID인프라
489870,히어로즈 25-09 회사채(AA-이상)액티브
490090,TIGER 미국AI빅테크10
490330,KoAct 미국뇌질환치료제액티브
490480,SOL K방산
490490,SOL 미국배당미국채혼합50
490590,RISE 미국AI밸류체인데일리고정커버드콜
490600,RISE 미국배당100데일리고정커버드콜
491010,TIGER 글로벌AI인프라액티브
491080,KODEX 25-12 은행채(AAA)액티브
491090,KODEX 미국테크1조달러기업포커스
491220,PLUS 200TR
491230,PLUS 국공채머니마켓액티브
491510,파워 K-주주가치액티브
491610,1Q CD금리액티브(합성)
491620,RISE 미국테크100데일리고정커버드콜
491630,RISE 미국반도체인버스(합성 H)
491700,HK 200
491820,HANARO 전력설비투자
491830,TIGER 미국AI반도체팹리스
492500,1Q 현대차그룹채권(A+이상)&국고통안
493420,SOL 미국배당다우존스TR
493810,TIGER 미국AI빅테크10타겟데일리커버드콜
494180,TIMEFOLIO 글로벌소비트렌드액티브
494210,SOL 미국500타겟커버드콜액티브
494220,UNICORN SK하이닉스밸류체인액티브
494300,KODEX 미국나스닥100데일리커버드콜OTM
494310,KODEX 반도체레버리지
494330,ACE 라이프자산주주가치액티브
494340,ACE 글로벌AI맞춤형반도체
494410,PLUS 미국S&P500성장주
494420,PLUS 미국배당증가성장주데일리커버드콜
494670,TIGER 조선TOP10
494840,TIGER 미국방산TOP10
494890,KODEX 200액티브
494900,TIGER 25-12 금융채(AA-이상)
495040,PLUS 코리아밸류업
495050,RISE 코리아밸류업
495060,TIMEFOLIO 코리아밸류업액티브
495230,KoAct 코리아밸류업액티브
495330,1Q 코리아밸류업
495550,SOL 코리아밸류업TR
495750,HANARO 코리아밸류업
495850,KODEX 코리아밸류업
496080,TIGER 코리아밸류업
496090,KOSEF 코리아밸류업
496120,ACE 코리아밸류업
496130,TRUSTON 코리아밸류업액티브
496770,PLUS 글로벌방산
950210,프레스티지바이오파마
J0036221D,KG모빌리티 122WR
J00532219,온타이드 9WR
J0113321D,유니켐 38WR
J0180021D,유니슨 15WR
J0543021A,팬스타엔터프라이즈 22WR
J0673921C,아스트 11WR
J0676321C,에이치엘비생명과학 9WR
J0807221D,한국유니온제약 3WR
J1055521A,엣지파운드리 11WR
J1099621D,AP헬스케어 6WR
J1432121D,핸즈코퍼레이션 2WR
J2195521E,디와이디 3WR
J2552221D,SG 17WR
J2901221D,DH오토리드 9WR
J3771901E,디앤디플랫폼리츠 3R
J3833101E,에코프로에이치엔 3R
Q500055,신한 인버스 Russell 2000 ETN
Q500056,신한 레버리지 Russell 2000 ETN
Q500057,신한 인버스 2X Russell 2000 ETN
Q500061,신한 인버스 코스피 200 선물 ETN
Q500063,신한 인버스 코스닥 150 선물 ETN
Q500065,신한 블룸버그 레버리지 WTI원유 선물 ETN
Q500066,신한 블룸버그 인버스 2X WTI원유 선물 ETN
Q500067,신한 레버리지 10년 국채선물 ETN
Q500068,신한 인버스 2X 10년 국채선물 ETN
Q500069,신한 레버리지 코스피 200 선물 ETN
Q500070,신한 인버스 2X 코스피 200 선물 ETN
Q500071,신한 레버리지 코스닥 150 선물 ETN
Q500072,신한 인버스 2X 코스닥 150 선물 ETN
Q500076,신한 S&P500 VIX S/T 선물 ETN D
Q500077,신한 인버스0.5X S&P500 VIX S/T선물 ETN
Q500078,신한 S&P 유로 선물 ETN(H)
Q500079,신한 S&P 인버스 유로 선물 ETN(H)
Q500080,신한 S&P 레버리지 유로 선물 ETN(H)
Q500081,신한 S&P 인버스 2X 유로 선물 ETN(H)
Q500082,신한 블룸버그 2X 천연가스 선물 ETN
Q500083,신한 KOFR금리 ETN
Q500084,신한 미국달러 SOFR금리 플러스 ETN
Q500085,신한 코스피 200 TR ETN
Q500086,신한 코스닥 150 TR ETN
Q500087,신한 26-05 은행채(AAA) ETN
Q500088,신한 2X 26-05 은행채(AAA) ETN
Q500089,신한 26-05 공사채(AAA) ETN
Q500090,신한 2X 26-05 공사채(AAA) ETN
Q500091,신한 33-12 국고채 플러스 ETN
Q500007,신한 인버스 은 선물 ETN(H)
Q500035,신한 레버리지 미국달러 선물 ETN
Q500036,신한 인버스 2X 미국달러 선물 ETN
Q500020,신한 레버리지 다우존스지수 선물 ETN(H)
Q500028,신한 인버스 2X 다우존스지수 선물 ETN(H)
Q500050,신한 레버리지 S&P500 선물 ETN
Q500051,신한 인버스 2X S&P500 선물 ETN
Q500003,신한 인버스 WTI원유 선물 ETN(H)
Q500004,신한 브렌트원유 선물 ETN(H)
Q500005,신한 인버스 브렌트원유 선물 ETN(H)
Q500006,신한 인버스 금 선물 ETN(H)
Q500008,신한 인버스 구리 선물 ETN(H)
Q500009,신한 다우존스지수 선물 ETN(H)
Q500010,신한 인버스 다우존스지수 선물 ETN(H)
Q500011,신한 달러인덱스 선물 ETN(H)
Q500012,신한 인버스 달러인덱스 선물 ETN(H)
Q500013,신한 옥수수 선물 ETN(H)
Q500014,신한 인버스 옥수수 선물 ETN(H)
Q500015,신한 WTI원유 선물 ETN(H)
Q500016,신한 금 선물 ETN(H)
Q500017,신한 은 선물 ETN(H)
Q500018,신한 구리 선물 ETN(H)
Q500019,신한 레버리지 WTI원유 선물 ETN(H)
Q500023,신한 콩 선물 ETN(H)
Q500024,신한 인버스 콩 선물 ETN(H)
Q500027,신한 인버스 2X WTI원유 선물 ETN(H)
Q500029,신한 레버리지 은 선물 ETN(H)
Q500030,신한 인버스 2X 은 선물 ETN(H)
Q500037,신한 레버리지 금 선물 ETN
Q500038,신한 인버스 2X 금 선물 ETN
Q500040,신한 레버리지 구리 선물 ETN
Q500041,신한 인버스 2X 구리 선물 ETN
Q510015,대신 밀 선물 ETN(H)
Q510016,대신 천연가스 선물 ETN(H)
Q510019,대신 인버스 천연가스 선물 ETN(H)
Q510026,대신 레버리지 코스닥 150 선물 ETN
Q510027,대신 인버스 2X 코스닥 150 선물 ETN
Q510029,대신 S&P 인버스 2X 천연가스 선물 ETN
Q510037,대신 S&P 2X 천연가스 선물 ETN B
Q510039,대신 3X 레버리지 국채30년 ETN
Q510040,대신 인버스 3X 국채30년 ETN
Q510041,대신 KAP 통안채 3개월 ETN
Q510042,대신 KAP 통안채 6개월 ETN
Q510043,대신 인버스 천연가스 선물 ETN(H) B
Q520037,미래에셋 코스피200 선물 ETN
Q520038,미래에셋 인버스 코스피200 선물 ETN
Q520039,미래에셋 코스닥150 선물 ETN
Q520040,미래에셋 인버스 코스닥150 선물 ETN
Q520043,미래에셋 S&P 유럽탄소배출권 선물 ETN
Q520046,미래에셋 레버리지 옥수수 선물 ETN
Q520047,미래에셋 인버스 2X 옥수수 선물 ETN
Q520050,미래에셋 인버스 2X 원유선물혼합 ETN(H)
Q520052,미래에셋 천연가스 선물 ETN(H)
Q520053,미래에셋 인버스 천연가스 선물 ETN(H)
Q520054,미래에셋 레버리지 코스피200 선물 ETN
Q520055,미래에셋 인버스 2X 코스피200 선물 ETN
Q520056,미래에셋 레버리지 코스닥150 선물 ETN
Q520057,미래에셋 인버스 2X 코스닥150 선물 ETN
Q520061,미래에셋 인도네시아 Top5 ETN
Q520062,미래에셋 인도네시아 금속&에너지 Top5 ETN
Q520063,미래에셋 -0.5X S&P500 VIX S/T선물 ETN(H)
Q520064,미래에셋 2X 미국채울트라30년 선물 ETN
Q520065,미래에셋 -2X 미국채울트라30년 선물 ETN
Q520066,미래에셋 KRX금현물 Auto-KO-C 2810-01 ETN
Q520067,미래에셋 홍콩H 선물 ETN(H)
Q520068,미래에셋 2X 홍콩H 선물 ETN
Q520069,미래에셋 -2X 홍콩H 선물 ETN(H)
Q520070,미래에셋 0.5X 코스피200 선물 ETN
Q520071,미래에셋 0.5X 코스닥150 선물 ETN
Q520072,미래에셋 미국 AI TOP3 ETN
Q520073,미래에셋 레버리지 미국 AI TOP3 ETN
Q520074,미래에셋 미국 방위산업 TOP3 ETN
Q520075,미래에셋 레버리지 미국 방위산업 TOP3 ETN
Q520076,미래에셋 1.5X 천연가스 선물 ETN
Q520077,미래에셋 -1.5X 천연가스 선물 ETN
Q520078,미래에셋 미국 제약 TOP3 ETN
Q520079,미래에셋 레버리지 미국 제약 TOP3 ETN
Q520080,미래에셋 미국 테크&반도체 TOP3 ETN
Q520081,미래에셋 2X 미국 테크&반도체 TOP3 ETN
Q520026,미래에셋 코스피 양매도 5% OTM ETN
Q520009,미래에셋 레버리지 원유선물혼합 ETN(H)
Q520010,미래에셋 원유선물혼합 ETN(H)
Q520011,미래에셋 인버스 원유선물혼합 ETN(H)
Q530083,삼성 금 선물 ETN(H)
Q530084,삼성 인버스 금 선물 ETN(H)
Q530088,삼성 레버리지 KRX 2차전지 K-뉴딜 ETN
Q530089,삼성 은 선물 ETN(H)
Q530090,삼성 인버스 은 선물 ETN(H)
Q530092,삼성 인버스 코스피 200 선물 ETN
Q530094,삼성 인버스 코스닥 150 선물 ETN
Q530095,삼성 구리 선물 ETN(H)
Q530096,삼성 인버스 구리 선물 ETN(H)
Q530098,삼성 블룸버그 WTI원유 선물 ETN
Q530099,삼성 블룸버그 레버리지 WTI원유 선물 ETN
Q530100,삼성 블룸버그 인버스 2X WTI원유 선물 ETN
Q530102,삼성 인버스 2X 천연가스 선물 ETN C
Q530104,삼성 레버리지 코스피200 선물 ETN
Q530105,삼성 인버스 2X 코스피200 선물 ETN
Q530106,삼성 레버리지 코스닥150 선물 ETN
Q530107,삼성 인버스 2X 코스닥150 선물 ETN
Q530109,삼성 S&P500 VIX S/T 선물 ETN
Q530110,삼성 인버스 0.5X S&P500 VIX S/T선물 ETN
Q530111,삼성 레버리지 천연가스 선물 ETN C
Q530112,삼성 S&P500 ETN
Q530113,삼성 레버리지 S&P500 선물 ETN
Q530114,삼성 인버스 2X S&P500 선물 ETN
Q530115,삼성 레버리지 나스닥 100 ETN
Q530116,삼성 인버스 2X 나스닥 100 ETN
Q530117,삼성 코스피 200 TR ETN
Q530118,삼성 코스닥 150 TR ETN
Q530119,삼성 레버리지 항셍테크 ETN(H) B
Q530120,삼성 나스닥 100 ETN
Q530121,삼성 항셍테크 ETN(H) B
Q530122,삼성 인버스 2X 항셍테크 ETN(H) B
Q530123,삼성 일본니케이225선물 ETN(H)
Q530124,삼성 레버리지 일본니케이225선물 ETN(H)
Q530125,삼성 인버스 2X 일본니케이225선물 ETN(H)
Q530126,삼성 코리아 밸류업 TR ETN
Q530067,삼성 KRX 금현물 ETN
Q530060,삼성 코스피 양매도 5% OTM ETN
Q530015,삼성 미국 대형 성장주 ETN(H)
Q530016,삼성 미국 대형 가치주 ETN(H)
Q530019,삼성 미국 대형 성장주 ETN
Q530020,삼성 미국 대형 가치주 ETN
Q530031,삼성 레버리지 WTI원유 선물 ETN
Q530036,삼성 인버스 2X WTI원유 선물 ETN
Q530055,삼성 레버리지 금 선물 ETN(H)
Q530056,삼성 인버스 2X 금 선물 ETN(H)
Q530061,삼성 레버리지 은 선물 ETN(H)
Q530062,삼성 인버스 2X 은 선물 ETN(H)
Q530063,삼성 레버리지 구리 선물 ETN(H)
Q530064,삼성 인버스 2X 구리 선물 ETN(H)
Q530002,삼성 인버스 China A50 선물 ETN(H)
Q530014,삼성 China A50 선물 ETN(H)
Q530023,삼성 레버리지 China A50 선물 ETN(H)
Q550059,N2 iSelect 글로벌 EMP ETN(H)
Q550062,N2 레버리지 금 선물 ETN(H)
Q550063,N2 인버스 레버리지 금 선물 ETN(H)
Q550064,N2 레버리지 은 선물 ETN(H)
Q550065,N2 인버스 레버리지 은 선물 ETN(H)
Q550066,N2 S&P500 버퍼10% 9월 ETN
Q550069,N2 레버리지 구리 선물 ETN(H)
Q550070,N2 인버스 레버리지 구리 선물 ETN(H)
Q550071,N2 블룸버그 2X WTI원유선물 ETN
Q550072,N2 블룸버그 -2X WTI원유선물 ETN
Q550073,N2 iSelect-WG 그린에너지 ESG ETN
Q550074,N2 블룸버그 2X 천연가스 선물 ETN(H)
Q550076,N2 US 500 월간레버리지 ETN(H)
Q550077,N2 S&P500 버퍼10% 3월 ETN(H)
Q550078,N2 S&P500 버퍼10% 6월 ETN(H)
Q550079,N2 S&P500 버퍼10% 12월 ETN(H)
Q550080,N2 US 500 ETN(H)
Q550081,N2 S&P500 VIX S/T 선물 ETN D
Q550082,N2 KIS CD금리투자 ETN
Q550083,N2 iSelect 배터리 재활용 Top10 ETN
Q550084,N2 코스피 200 TR ETN
Q550085,N2 코스닥 150 TR ETN
Q550086,N2 미국달러 SOFR금리 플러스 ETN
Q550087,N2 선진국 1등주 ETN
Q550088,N2 월간 레버리지 선진국 1등주 ETN
Q550089,N2 월간 레버리지 코스피 200 선물 ETN
Q550090,N2 월간 레버리지 코스닥 150 선물 ETN
Q550091,N2 방위산업 Top5 ETN
Q550092,N2 월간 레버리지 방위산업 Top5 ETN
Q550093,N2 전력인프라 Top5 ETN
Q550095,N2 레버리지 국채10년 ETN
Q550096,N2 레버리지 국채30년 ETN
Q550057,N2 코스피 변동성 매칭형 양매도 ETN
Q550041,N2 미국 IT TOP5 ETN(H)
Q550044,N2 레버리지 S&P500 ETN
Q550045,N2 인버스 레버리지 S&P500 ETN
Q550043,N2 인버스 레버리지 WTI원유 선물 ETN(H)
Q570047,한투 FTSE100 ETN
Q570050,한투 S&P500 선물 ETN
Q570051,한투 나스닥 100 ETN
Q570052,한투 플래티넘 선물 ETN
Q570053,한투 인버스 플래티넘 선물 ETN
Q570054,한투 레버리지 유로스탁스50 ETN(H) B
Q570055,한투 금 선물 ETN
Q570056,한투 인버스 금 선물 ETN
Q570057,한투 은 선물 ETN
Q570058,한투 인버스 은 선물 ETN
Q570059,한투 레버리지 금 선물 ETN
Q570060,한투 인버스 2X 금 선물 ETN
Q570061,한투 레버리지 은 선물 ETN
Q570062,한투 인버스 2X 은 선물 ETN
Q570063,한투 베트남 VN30 선물 ETN(H)
Q570064,한투 인버스 베트남 VN30 선물 ETN(H)
Q570065,한투 레버리지 베트남 VN30 선물 ETN(H)
Q570066,한투 인버스 2X 베트남 VN30 선물 ETN(H)
Q570069,한투 레버리지 플래티넘 선물 ETN
Q570070,한투 인버스 2X 플래티넘 선물 ETN
Q570071,한투 구리 선물 ETN
Q570072,한투 레버리지 구리 선물 ETN
Q570073,한투 인버스 2X 구리 선물 ETN
Q570074,한투 S&P 유럽탄소배출권 선물 ETN(H)
Q570077,한투 블룸버그 WTI원유 선물 ETN
Q570078,한투 블룸버그 레버리지 WTI원유 선물 ETN
Q570079,한투 블룸버그 인버스 2X WTI원유 선물 ETN
Q570081,한투 레버리지 코스닥150선물 ETN
Q570082,한투 인버스 2X 코스닥150선물 ETN
Q570084,한투 블룸버그 인버스 2X 천연가스선물 ETN
Q570085,한투 블룸버그 인도네시아 대표원자재 ETN
Q570088,한투 S&P500 VIX S/T 선물 ETN(H)
Q570089,한투 인버스 0.5X S&P500 VIX S/T 선물 ETN
Q570090,한투 KIS CD금리투자 ETN
Q570091,한투 인버스 유로스탁스50 ETN(H) C
Q570092,한투 인버스 2X 유로스탁스50 ETN(H) B
Q570093,한투 레버리지 천연가스 선물 ETN B
Q570094,한투 일본 엔선물 ETN C
Q570095,한투 레버리지 일본 엔선물 ETN C
Q570096,한투 인버스 2X 일본 엔선물 ETN
Q570097,한투 S&P 엔달러 선물 ETN(H)
Q570098,한투 S&P 레버리지 엔달러 선물 ETN(H)
Q570099,한투 S&P 인버스 2X 엔달러 선물 ETN(H)
Q570100,한투 일본종합상사TOP5 ETN
Q570101,한투 인버스 나스닥100 ETN B
Q570102,한투 레버리지 나스닥100 ETN B
Q570103,한투 인버스2X 나스닥100 ETN B
Q570104,한투 일본니케이225선물 ETN(H)
Q570105,한투 인버스일본니케이225선물 ETN(H)
Q570106,한투 레버리지일본니케이225선물 ETN(H)
Q570107,한투 인버스2X일본니케이225선물 ETN(H)
Q570108,한투 레버리지국채30년 ETN
Q570109,한투 레버리지미국채30년 ETN
Q570019,한투 코스피 양매도 5% OTM ETN
Q570029,한투 코스피 양매도 3% OTM ETN
Q570022,한투 레버리지 S&P500 선물 ETN(H)
Q570023,한투 인버스 2X S&P500 선물 ETN(H)
Q580014,KB 인버스 2X 나스닥 100 ETN
Q580015,KB 레버리지 나스닥 100 ETN
Q580016,KB 레버리지 S&P 500 선물 ETN(H)
Q580017,KB 인버스 2X S&P 500 선물 ETN
Q580019,KB 인버스 2X 항셍테크 선물 ETN
Q580020,KB 천연가스 선물 ETN(H)
Q580021,KB 인버스 천연가스 선물 ETN
Q580022,KB 레버리지 금 선물 ETN(H)
Q580023,KB 인버스 2X 금 선물 ETN(H)
Q580025,KB 레버리지 KRX 2차전지 K-뉴딜 ETN
Q580026,KB 레버리지 은 선물 ETN(H)
Q580027,KB 인버스 2X 은 선물 ETN(H)
Q580032,KB 레버리지 구리 선물 ETN(H)
Q580033,KB 인버스 2X 구리 선물 ETN(H)
Q580034,KB 레버리지 FANG 플러스 ETN(H)
Q580035,KB S&P 유럽탄소배출권 선물 ETN(H)
Q580036,KB S&P 레버리지 WTI원유 선물 ETN(H)
Q580037,KB S&P 인버스 2X WTI원유 선물 ETN
Q580039,KB 레버리지 KOSPI 200 선물 ETN
Q580040,KB 인버스 2X KOSPI 200 선물 ETN
Q580043,KB 레버리지 KOSDAQ 150 선물 ETN
Q580044,KB 인버스 2X KOSDAQ 150 선물 ETN
Q580046,KB 블룸버그 인버스2X 천연가스선물 ETN(H)
Q580047,KB 레버리지 항셍테크 선물 ETN(H) B
Q580048,KB CSI 300 ETN
Q580049,KB CSI 500 ETN
Q580050,KB STAR 50 ETN
Q580051,KB 레버리지 밀 선물 ETN
Q580052,KB 인버스 2X 밀 선물 ETN
Q580053,KB 레버리지 콩 선물 ETN
Q580054,KB 인버스 2X 콩 선물 ETN
Q580055,KB 블룸버그 레버리지 천연가스 선물 ETN
Q580056,KB 일본 로보틱스 TOP 10 ETN
Q580057,KB 일본 컨슈머 TOP 10 ETN
Q580058,KB KIS CD금리투자 ETN
Q580059,KB 미국채 10년 ETN
Q580060,KB 레버리지 미국채 10년 ETN
Q580061,KB 미국채 30년 ETN
Q580062,KB 레버리지 미국채 30년 ETN
Q580063,KB 레버리지 미국채 10년 선물 ETN
Q580064,KB 인버스 2X 미국채 10년 선물 ETN
Q580065,KB 코스닥 150 TR ETN
Q580010,KB Wise 분할매매 ETN
Q610001,메리츠 인플레이션 국채 ETN
Q610002,메리츠 레버리지 인플레이션 국채 ETN
Q610003,메리츠 미국 인플레이션 국채 ETN(H)
Q610004,메리츠 미국레버리지 인플레이션국채ETN(H)
Q610007,메리츠 국채30년 ETN
Q610008,메리츠 레버리지 국채30년 ETN
Q610009,메리츠 인버스 국채30년 ETN
Q610010,메리츠 인버스 2X 국채30년 ETN
Q610012,메리츠 레버리지 금 선물 ETN(H)
Q610013,메리츠 인버스 2X 금 선물 ETN(H)
Q610016,메리츠 레버리지 은 선물 ETN(H)
Q610017,메리츠 인버스 2X 은 선물 ETN(H)
Q610018,메리츠 국채10년 ETN
Q610019,메리츠 레버리지 국채10년 ETN
Q610020,메리츠 인버스 국채10년 ETN
Q610021,메리츠 인버스 2X 국채10년 ETN
Q610022,메리츠 미국채10년 ETN(H)
Q610023,메리츠 레버리지 미국채10년 ETN(H)
Q610024,메리츠 인버스 미국채10년 ETN(H)
Q610025,메리츠 인버스 2X 미국채10년 ETN(H)
Q610028,메리츠 레버리지 구리 선물 ETN(H)
Q610029,메리츠 인버스 2X 구리 선물 ETN(H)
Q610030,메리츠 S&P 유럽탄소배출권 선물 ETN(H)
Q610032,메리츠 CSI 300 ETN
Q610033,메리츠 STAR 50 ETN
Q610034,메리츠 대표 농산물 선물 ETN(H)
Q610035,메리츠 레버리지 대표 농산물 선물 ETN(H)
Q610036,메리츠 인버스 2X 대표 농산물 선물 ETN(H)
Q610037,메리츠 미국채30년 ETN(H)
Q610038,메리츠 레버리지 미국채30년 ETN(H)
Q610039,메리츠 인버스 미국채30년 ETN(H)
Q610040,메리츠 인버스 2X 미국채30년 ETN(H)
Q610041,메리츠 블룸버그 레버리지 WTI선물 ETN(H)
Q610042,메리츠 블룸버그 인버스 2X WTI선물 ETN(H)
Q610043,메리츠 천연가스 선물 ETN(H)
Q610044,메리츠 인버스 천연가스 선물 ETN(H)
Q610045,메리츠 국채3년 ETN
Q610046,메리츠 레버리지 국채3년 ETN
Q610047,메리츠 인버스 국채3년 ETN
Q610048,메리츠 인버스 2X 국채3년 ETN
Q610049,메리츠 국채5년 ETN
Q610050,메리츠 레버리지 국채5년 ETN
Q610051,메리츠 인버스 국채5년 ETN
Q610052,메리츠 인버스 2X 국채5년 ETN
Q610054,메리츠 블룸버그 -2X 천연가스 선물 ETN(H)
Q610055,메리츠 3X 레버리지 국채3년 ETN
Q610056,메리츠 인버스 3X 국채3년 ETN
Q610057,메리츠 3X 레버리지 국채5년 ETN
Q610058,메리츠 인버스 3X 국채5년 ETN
Q610059,메리츠 3X 레버리지 국채10년 ETN
Q610060,메리츠 인버스 3X 국채10년 ETN
Q610061,메리츠 3X 레버리지 국채30년 ETN
Q610062,메리츠 인버스 3X 국채30년 ETN
Q610063,메리츠 KIS CD금리투자 ETN
Q610064,메리츠 KAP 통안채 6개월 ETN
Q610065,메리츠 KIS 통안채 1년 ETN
Q610066,메리츠 KAP 통안채 3개월 ETN
Q610067,메리츠 블룸버그 2X 천연가스선물 ETN(H) B
Q610068,메리츠 KAP 일본 엔화 ETN
Q610069,메리츠 KAP 레버리지 일본 엔화 ETN
Q610070,메리츠 KAP 인버스 2X 일본 엔화 ETN
Q610071,메리츠 KAP 중국 위안화 ETN
Q610072,메리츠 KAP 레버리지 중국 위안화 ETN
Q610073,메리츠 KAP 인버스 2X 중국 위안화 ETN
Q610074,메리츠 미국채10년 ETN
Q610075,메리츠 3X 레버리지 미국채10년 ETN
Q610076,메리츠 인버스 3X 미국채10년 ETN
Q610077,메리츠 미국채30년 ETN
Q610078,메리츠 3X 레버리지 미국채30년 ETN
Q610079,메리츠 인버스 3X 미국채30년 ETN
Q610080,메리츠 멕시코 페소화 ETN
Q610081,메리츠 레버리지 멕시코 페소화 ETN
Q610082,메리츠 인도 루피화 ETN
Q610083,메리츠 레버리지 인도 루피화 ETN
Q700011,하나 레버리지 옥수수 선물 ETN(H)
Q700012,하나 인버스 2X 옥수수 선물 ETN(H)
Q700013,하나 레버리지 콩 선물 ETN(H)
Q700014,하나 인버스 2X 콩 선물 ETN(H)
Q700015,하나 S&P 레버리지 WTI원유 선물 ETN
Q700016,하나 S&P 인버스 2X WTI원유 선물 ETN
Q700017,하나 레버리지 코스닥150 선물 ETN
Q700018,하나 인버스 2X 코스닥150 선물 ETN
Q700020,하나 블룸버그 -2X 천연가스 선물 ETN(H)
Q700022,하나 Solactive US Tech Top 10 ETN(H)
Q700023,하나 Solactive 2X US Tech Top 10 ETN(H)
Q700024,하나 -0.5X S&P500 VIX S/T 선물 ETN(H)
Q700025,하나 블룸버그 2X 천연가스 선물 ETN(H) B
Q700026,하나 CD금리투자 ETN
Q760001,키움 미국달러선물 ETN
Q760004,키움 인버스 미국달러선물 ETN
Q760005,키움 INDXX 미국테크탑10 ETN
Q760006,키움 KPOP ETN
Q760007,키움 코스피 200 TR ETN
Q760008,키움 코스닥 150 TR ETN
Q760009,키움 CD금리투자 ETN
Q760010,키움 2차전지산업 ETN
Q760011,키움 레버리지 2차전지산업 ETN
Q760012,키움 반도체TOP10 ETN
Q760013,키움 레버리지 반도체TOP10 ETN
Q760014,키움 바이오TOP10 ETN
Q760015,키움 레버리지 바이오TOP10 ETN
Q760016,키움 레버리지 조선TOP10 ETN
Q760017,키움 조선TOP10 ETN
900140,엘브이엠씨홀딩스
